id_geography_cpi,country_cpi,region_cpi,region_cpi_granular,region_cpi_additional,year_added,oecd_membership,dac_membership,income_level,unfccc_classification,wb_classification,r3_ipcc,r6_ipcc,r10_ipcc,notes,development_status,development_status_2,sids,lldc,region_un_m49,sub_region1_un_m49,sub_region2_un_m49,m49_code,iso2_code,iso_numeric_code,iso3_code,global_north_south,oecd_membership,dac_membership,income_level
1,Adaptation Fund,Transregional,Transregional,Transregional,2018,Check ownership,,Transregional,,Transregional,,,,,,,,,,,,,,,,Unknown,Check ownership,,Transregional
2,Afghanistan,South Asia,South Asia,,,non-OECD,,Low income,non-Annex I,South Asia,ldc,Asia and developing Pacific,Southern Asia,,LDC,LDC,,LLDC,Asia,Southern Asia,Southern Asia,4,AF,4,AFG,Global South,non-OECD,,Low income
3,African Development Bank,Transregional,Transregional,Transregional - Africa,,Check ownership,DAC Observer,Transregional,,Transregional,,,,,,,,,,,,,,,,Unknown,Check ownership,DAC Observer,Transregional
4,African Development Fund,Transregional,Transregional,Transregional - Africa,,Check ownership,DAC Observer,Transregional,,Transregional,,,,,,,,,,,,,,,,Unknown,Check ownership,DAC Observer,Transregional
5,Aland Islands,Western Europe,Western Europe,,,OECD,,Unknown,Related to Annex I Party,Europe and Central Asia,,,,,Developed,Advanced,,,Europe,Northern Europe,Northern Europe,,AX,248,ALA,Global North,OECD,,Unknown
6,Albania,Central Asia and Eastern Europe,Central Asia and Eastern Europe,,,non-OECD,,Upper middle income,non-Annex I,Europe and Central Asia,developed,Developed Countries,Europe,,EMDE,EMDE,,,Europe,Southern Europe,Southern Europe,8,AL,8,ALB,Global North,non-OECD,,Upper middle income
7,Algeria,Middle East and North Africa,Middle East and North Africa,,,non-OECD,,Lower middle income,non-Annex I,Middle East and North Africa,developing,Africa,Africa,,EMDE,EMDE,,,Africa,Northern Africa,Northern Africa,12,DZ,12,DZA,Global South,non-OECD,,Upper middle income
8,American Samoa,East Asia and Pacific,East Asia and Pacific,,,non-OECD,,Upper middle income,Related to Annex I Party,East Asia and Pacific,,,,,EMDE,Advanced,SIDS,,Oceania,Polynesia,Polynesia,16,AS,16,ASM,Global North,non-OECD,,Upper middle income
9,Andorra,Western Europe,Western Europe,,,non-OECD,,High income,non-Annex I,Europe and Central Asia,developed,,,,Developed,Advanced,,,Europe,Southern Europe,Southern Europe,20,AD,20,AND,Global North,non-OECD,,High income
10,Angola,Sub-Saharan Africa,Sub-Saharan Africa,,,non-OECD,,Lower middle income,non-Annex I,Sub-Saharan Africa,ldc,Africa,Africa,,LDC,LDC,,,Africa,Sub-Saharan Africa,Middle Africa,24,AO,24,AGO,Global South,non-OECD,,Lower middle income
11,Anguilla,Latin America & Caribbean,Central America & Caribbean,,,non-OECD,,Unknown,Related to Annex I Party,Latin America and the Caribbean,,,,,EMDE,Advanced,SIDS,,America,Latin America and the Caribbean,Caribbean,660,AI,660,AIA,Global North,non-OECD,,Unknown
12,Antarctica,Unknown,Unknown,,,non-OECD,,Unknown,,Unknown,,,,,,Transregional,,,,,Antarctica,10,AQ,10,ATA,Global North,non-OECD,,Unknown
13,Antigua and Barbuda,Latin America & Caribbean,Central America & Caribbean,,,non-OECD,,High income,non-Annex I,Latin America and the Caribbean,developing,Latin America and Caribbean,Latin America and Caribbean,,EMDE,EMDE,SIDS,,America,Latin America and the Caribbean,Caribbean,28,AG,28,ATG,Global South,non-OECD,,High income
14,Argentina,Latin America & Caribbean,South America,,,non-OECD,,High income,non-Annex I,Latin America and the Caribbean,developing,Latin America and Caribbean,Latin America and Caribbean,,EMDE,EMDE,,,America,Latin America and the Caribbean,South America,32,AR,32,ARG,Global South,non-OECD,,High income
15,Armenia,Central Asia and Eastern Europe,Central Asia and Eastern Europe,,,non-OECD,,Upper middle income,non-Annex I,Europe and Central Asia,developing,Eastern Europe and West-Central Asia,Eurasia,,EMDE,EMDE,,LLDC,Asia,Western Asia,Western Asia,51,AM,51,ARM,Global North,non-OECD,,Upper middle income
16,Aruba,Latin America & Caribbean,Central America & Caribbean,,,non-OECD,,High income,non-Annex I,Latin America and the Caribbean,developing,Latin America and Caribbean,Latin America and Caribbean,,EMDE,EMDE,SIDS,,America,Latin America and the Caribbean,Caribbean,533,AW,533,ABW,Global North,non-OECD,,High income
17,Asian Development Bank,Transregional,Transregional,Transregional - Asia,,Check ownership,DAC Observer,Transregional,,Transregional,,,,,,,,,,,,,,,,Unknown,Check ownership,DAC Observer,Transregional
18,Asian Development Fund,Transregional,Transregional,Transregional - Asia,,Check ownership,,Transregional,,Transregional,,,,,,,,,,,,,,,,Unknown,Check ownership,,Transregional
19,Asian Infrastructure Investment Bank,Transregional,Transregional,Transregional - Asia,,Check ownership,,Transregional,,Transregional,,,,,,,,,,,,,,,,Unknown,Check ownership,,Transregional
20,Australia,Other Oceania,Other Oceania,,,OECD,DAC Member,High income,Annex II,East Asia and Pacific,developed,Developed Countries,Asia-Pacific Developed,,Developed,Advanced,,,Oceania,Australia and New Zealand,Australia and New Zealand,36,AU,36,AUS,Global North,OECD,DAC Member,High income
21,Austria,Western Europe,Western Europe,,,OECD,DAC Member,High income,Annex II,Europe and Central Asia,developed,Developed Countries,Europe,,Developed,Advanced,,,Europe,Western Europe,Western Europe,40,AT,40,AUT,Global North,OECD,DAC Member,High income
22,Azerbaijan,Central Asia and Eastern Europe,Central Asia and Eastern Europe,,,non-OECD,Reports to DAC,Upper middle income,non-Annex I,Europe and Central Asia,developing,Eastern Europe and West-Central Asia,Eurasia,,EMDE,EMDE,,LLDC,Asia,Western Asia,Western Asia,31,AZ,31,AZE,Global South,non-OECD,Reports to DAC,Upper middle income
23,Bahamas,Latin America & Caribbean,Central America & Caribbean,,,non-OECD,,High income,non-Annex I,Latin America and the Caribbean,developing,Latin America and Caribbean,Latin America and Caribbean,,EMDE,EMDE,SIDS,,America,Latin America and the Caribbean,Caribbean,44,BS,44,BHS,Global South,non-OECD,,High income
24,Bahrain,Middle East and North Africa,Middle East and North Africa,,,non-OECD,,High income,non-Annex I,Middle East and North Africa,developing,Middle East,Middle East,,EMDE,EMDE,,,Asia,Western Asia,Western Asia,48,BH,48,BHR,Global South,non-OECD,,High income
25,Bangladesh,South Asia,South Asia,,,non-OECD,,Lower middle income,non-Annex I,South Asia,ldc,Asia and developing Pacific,Southern Asia,,LDC,LDC,,,Asia,Southern Asia,Southern Asia,50,BD,50,BGD,Global South,non-OECD,,Lower middle income
26,Barbados,Latin America & Caribbean,Central America & Caribbean,,,non-OECD,,High income,non-Annex I,Latin America and the Caribbean,developing,Latin America and Caribbean,Latin America and Caribbean,,EMDE,EMDE,SIDS,,America,Latin America and the Caribbean,Caribbean,52,BB,52,BRB,Global South,non-OECD,,High income
27,Belarus,Central Asia and Eastern Europe,Central Asia and Eastern Europe,,,non-OECD,,Upper middle income,Annex I,Europe and Central Asia,developed,Eastern Europe and West-Central Asia,Eurasia,,EMDE,EMDE,,,Europe,Eastern Europe,Eastern Europe,112,BY,112,BLR,Global North,non-OECD,,Upper middle income
28,Belgium,Western Europe,Western Europe,,,OECD,DAC Member,High income,Annex II,Europe and Central Asia,developed,Developed Countries,Europe,,Developed,Advanced,,,Europe,Western Europe,Western Europe,56,BE,56,BEL,Global North,OECD,DAC Member,High income
29,Belize,Latin America & Caribbean,Central America & Caribbean,,,non-OECD,,Upper middle income,non-Annex I,Latin America and the Caribbean,developing,Latin America and Caribbean,Latin America and Caribbean,,EMDE,EMDE,SIDS,,America,Latin America and the Caribbean,Central America,84,BZ,84,BLZ,Global South,non-OECD,,Upper middle income
30,Benin,Sub-Saharan Africa,Sub-Saharan Africa,,,non-OECD,,Lower middle income,non-Annex I,Sub-Saharan Africa,ldc,Africa,Africa,,LDC,LDC,,,Africa,Sub-Saharan Africa,Western Africa,204,BJ,204,BEN,Global South,non-OECD,,Low income
31,Bermuda,US & Canada,North America,,,non-OECD,,High income,Related to Annex I Party,North America,developed,Developed Countries,North America,,EMDE,Advanced,SIDS,,America,Northern America,Northern America,60,BM,60,BMU,Global North,non-OECD,,High income
32,Bhutan,South Asia,South Asia,,,non-OECD,,Lower middle income,non-Annex I,South Asia,ldc,Asia and developing Pacific,Southern Asia,,LDC,EMDE,,LLDC,Asia,Southern Asia,Southern Asia,64,BT,64,BTN,Global South,non-OECD,,Lower middle income
311,Biocarbon Fund Initiative for Sustainable Forest Landscapes,Transregional,Transregional,,,Check ownership,,Transregional,,Transregional,,,,,,,,,,,,,,,,Unknown,Check ownership,,Transregional
33,Bolivia,Latin America & Caribbean,South America,,,non-OECD,,Lower middle income,non-Annex I,Latin America and the Caribbean,developing,Latin America and Caribbean,Latin America and Caribbean,,EMDE,EMDE,,LLDC,America,Latin America and the Caribbean,South America,,BO,68,BOL,Global South,non-OECD,,Lower middle income
34,"Bonaire, Saint Eustatius and Saba",Latin America & Caribbean,Central America & Caribbean,,,non-OECD,,Unknown,Related to Annex I Party,Latin America and the Caribbean,,,,,EMDE,Advanced,,,America,Latin America and the Caribbean,Caribbean,,,,,Global North,non-OECD,,Unknown
35,Bosnia and Herzegovina,Central Asia and Eastern Europe,Central Asia and Eastern Europe,,,non-OECD,,Upper middle income,non-Annex I,Europe and Central Asia,developed,Developed Countries,Europe,,EMDE,EMDE,,,Europe,Southern Europe,Southern Europe,70,BA,70,BIH,Global North,non-OECD,,Upper middle income
36,Botswana,Sub-Saharan Africa,Sub-Saharan Africa,,,non-OECD,,Upper middle income,non-Annex I,Sub-Saharan Africa,developing,Africa,Africa,,EMDE,EMDE,,LLDC,Africa,Sub-Saharan Africa,Southern Africa,72,BW,72,BWA,Global South,non-OECD,,Upper middle income
37,Bouvet Island,Unknown,Unknown,,,non-OECD,,Unknown,,Unknown,,,,,EMDE,Advanced,,,America,Latin America and the Caribbean,South America,74,BV,74,BVT,Global North,non-OECD,,Unknown
38,Brazil,Latin America & Caribbean,South America,,,non-OECD,,Upper middle income,non-Annex I,Latin America and the Caribbean,developing,Latin America and Caribbean,Latin America and Caribbean,,EMDE,EMDE,,,America,Latin America and the Caribbean,South America,76,BR,76,BRA,Global South,non-OECD,,Upper middle income
39,British Indian Ocean Territory,Other Oceania,Other Oceania,,,OECD,,Unknown,,South Asia,,,,,Developed,Advanced,,,Africa,Sub-Saharan Africa,Eastern Africa,86,IO,86,IOT,Global North,OECD,,Unknown
40,Brunei,East Asia and Pacific,East Asia and Pacific,,,non-OECD,,High income,non-Annex I,East Asia and Pacific,developing,Asia and developing Pacific,South-East Asia and developing Pacific,,EMDE,EMDE,,,Asia,South-eastern Asia,South-eastern Asia,,BN,96,BRN,Global South,non-OECD,,High income
41,Bulgaria,Central Asia and Eastern Europe,Central Asia and Eastern Europe,,,non-OECD,Reports to DAC,Upper middle income,Annex I,Europe and Central Asia,developed,Developed Countries,Europe,,Developed,EMDE,,,Europe,Eastern Europe,Eastern Europe,100,BG,100,BGR,Global North,non-OECD,Reports to DAC,Upper middle income
42,Burkina Faso,Sub-Saharan Africa,Sub-Saharan Africa,,,non-OECD,,Low income,non-Annex I,Sub-Saharan Africa,ldc,Africa,Africa,,LDC,LDC,,LLDC,Africa,Sub-Saharan Africa,Western Africa,854,BF,854,BFA,Global South,non-OECD,,Low income
43,Burundi,Sub-Saharan Africa,Sub-Saharan Africa,,,non-OECD,,Low income,non-Annex I,Sub-Saharan Africa,ldc,Africa,Africa,,LDC,LDC,,LLDC,Africa,Sub-Saharan Africa,Eastern Africa,108,BI,108,BDI,Global South,non-OECD,,Low income
44,Cambodia,East Asia and Pacific,East Asia and Pacific,,,non-OECD,,Lower middle income,non-Annex I,East Asia and Pacific,ldc,Asia and developing Pacific,South-East Asia and developing Pacific,,LDC,LDC,,,Asia,South-eastern Asia,South-eastern Asia,116,KH,116,KHM,Global South,non-OECD,,Lower middle income
45,Cameroon,Sub-Saharan Africa,Sub-Saharan Africa,,,non-OECD,,Lower middle income,non-Annex I,Sub-Saharan Africa,developing,Africa,Africa,,EMDE,EMDE,,,Africa,Sub-Saharan Africa,Middle Africa,120,CM,120,CMR,Global South,non-OECD,,Lower middle income
46,Canada,US & Canada,North America,,,OECD,DAC Member,High income,Annex II,North America,developed,Developed Countries,North America,,Developed,Advanced,,,America,Northern America,Northern America,124,CA,124,CAN,Global North,OECD,DAC Member,High income
47,Cape Verde,Sub-Saharan Africa,Sub-Saharan Africa,,,non-OECD,,Lower middle income,non-Annex I,Sub-Saharan Africa,developing,Africa,Africa,,EMDE,EMDE,SIDS,,Africa,Sub-Saharan Africa,Western Africa,,CV,132,CPV,Global South,non-OECD,,Lower middle income
48,Cayman Islands,Latin America & Caribbean,Central America & Caribbean,,,non-OECD,,High income,Related to Annex I Party,Latin America and the Caribbean,developing,Latin America and Caribbean,Latin America and Caribbean,,EMDE,Advanced,SIDS,,America,Latin America and the Caribbean,Caribbean,136,KY,136,CYM,Global North,non-OECD,,High income
49,Central African Republic,Sub-Saharan Africa,Sub-Saharan Africa,,,non-OECD,,Low income,non-Annex I,Sub-Saharan Africa,ldc,Africa,Africa,,LDC,LDC,,LLDC,Africa,Sub-Saharan Africa,Middle Africa,140,CF,140,CAF,Global South,non-OECD,,Low income
310,Certified Emission Reduction,Transregional,Transregional,Transregional,,OECD,,Unknown,,Transregional,,,,,Developed,,,,,,,,,,,Unknown,OECD,,Unknown
50,Chad,Sub-Saharan Africa,Sub-Saharan Africa,,,non-OECD,,Low income,non-Annex I,Sub-Saharan Africa,ldc,Africa,Africa,,LDC,LDC,,LLDC,Africa,Sub-Saharan Africa,Middle Africa,148,TD,148,TCD,Global South,non-OECD,,Low income
51,Chile,Latin America & Caribbean,South America,,,OECD,,High income,non-Annex I,Latin America and the Caribbean,developing,Latin America and Caribbean,Latin America and Caribbean,,EMDE,EMDE,,,America,Latin America and the Caribbean,South America,152,CL,152,CHL,Global South,OECD,,High income
52,China,East Asia and Pacific,East Asia and Pacific,,,non-OECD,,Upper middle income,non-Annex I,East Asia and Pacific,developing,Asia and developing Pacific,Eastern Asia,,China,China,,,Asia,Eastern Asia,Eastern Asia,156,CN,156,CHN,Global South,non-OECD,,Upper middle income
53,Christmas Island,Other Oceania,Other Oceania,,,OECD,,Unknown,Related to Annex I Party,East Asia and Pacific,,,,,Developed,Advanced,,,Oceania,Australia and New Zealand,Australia and New Zealand,162,CX,162,CXR,Global North,OECD,,Unknown
54,Climate Investment Funds,Transregional,Transregional,Transregional,,Check ownership,,Transregional,,Transregional,,,,,,Advanced,,,,,,,,,,Unknown,Check ownership,,Transregional
55,Cocos (Keeling) Islands,Other Oceania,Other Oceania,,,OECD,,Unknown,Related to Annex I Party,East Asia and Pacific,,,,,Developed,Advanced,,,Oceania,Australia and New Zealand,Australia and New Zealand,166,CC,166,CCK,Global North,OECD,,Unknown
56,Colombia,Latin America & Caribbean,South America,,,OECD,,Upper middle income,non-Annex I,Latin America and the Caribbean,developing,Latin America and Caribbean,Latin America and Caribbean,,EMDE,EMDE,,,America,Latin America and the Caribbean,South America,170,CO,170,COL,Global South,non-OECD,,Upper middle income
57,Comoros,Sub-Saharan Africa,Sub-Saharan Africa,,,non-OECD,,Low income,non-Annex I,Sub-Saharan Africa,ldc,Africa,Africa,,LDC,LDC,SIDS,,Africa,Sub-Saharan Africa,Eastern Africa,174,KM,174,COM,Global South,non-OECD,,Low income
58,"Congo, Democratic Republic",Sub-Saharan Africa,Sub-Saharan Africa,,,non-OECD,,Low income,non-Annex I,Sub-Saharan Africa,ldc,Africa,Africa,,LDC,LDC,,,Africa,Sub-Saharan Africa,Middle Africa,,CD,180,COD,Global North,non-OECD,,Low income
59,"Congo, Republic",Sub-Saharan Africa,Sub-Saharan Africa,,,non-OECD,,Lower middle income,non-Annex I,Sub-Saharan Africa,developing,Africa,Africa,,EMDE,EMDE,,,Africa,Sub-Saharan Africa,Middle Africa,,CG,178,COG,Global North,non-OECD,,Lower middle income
60,Cook Islands,East Asia and Pacific,East Asia and Pacific,,,non-OECD,,Unknown,non-Annex I,East Asia and Pacific,developing,Asia and developing Pacific,South-East Asia and developing Pacific,,EMDE,Advanced,SIDS,,Oceania,Polynesia,Polynesia,184,CK,184,COK,Global North,non-OECD,,Unknown
61,Costa Rica,Latin America & Caribbean,Central America & Caribbean,,,OECD,,Upper middle income,non-Annex I,Latin America and the Caribbean,developing,Latin America and Caribbean,Latin America and Caribbean,,EMDE,EMDE,,,America,Latin America and the Caribbean,Central America,188,CR,188,CRI,Global South,non-OECD,,Upper middle income
62,Cote d'Ivoire,Sub-Saharan Africa,Sub-Saharan Africa,,,non-OECD,,Lower middle income,non-Annex I,Sub-Saharan Africa,developing,Africa,Africa,,EMDE,EMDE,,,Africa,Sub-Saharan Africa,Western Africa,,CI,384,CIV,Global North,non-OECD,,Lower middle income
63,Croatia,Central Asia and Eastern Europe,Central Asia and Eastern Europe,,,non-OECD,Reports to DAC,High income,Annex I,Europe and Central Asia,developed,Developed Countries,Europe,,Developed,Advanced,,,Europe,Southern Europe,Southern Europe,191,HR,191,HRV,Global North,non-OECD,Reports to DAC,High income
64,Cuba,Latin America & Caribbean,Central America & Caribbean,,,non-OECD,,Upper middle income,non-Annex I,Latin America and the Caribbean,developing,Latin America and Caribbean,Latin America and Caribbean,,EMDE,EMDE,SIDS,,America,Latin America and the Caribbean,Caribbean,192,CU,192,CUB,Global South,non-OECD,,Upper middle income
65,Curacao,Latin America & Caribbean,Central America & Caribbean,,,non-OECD,,High income,Related to Annex I Party,Latin America and the Caribbean,developing,Latin America and Caribbean,Latin America and Caribbean,,EMDE,Advanced,SIDS,,America,Latin America and the Caribbean,Caribbean,,CW,531,CUW,Global North,non-OECD,,High income
66,Cyprus,Central Asia and Eastern Europe,Central Asia and Eastern Europe,,,non-OECD,Reports to DAC,High income,Annex I,Europe and Central Asia,developed,Developed Countries,Europe,,Developed,Advanced,,,Asia,Western Asia,Western Asia,196,CY,196,CYP,Global South,non-OECD,Reports to DAC,High income
67,Czech Republic,Western Europe,Western Europe,,,OECD,DAC Member,High income,Annex I,Europe and Central Asia,developed,Developed Countries,Europe,,Developed,Advanced,,,Europe,Eastern Europe,Eastern Europe,,CZ,203,CZE,Global North,OECD,DAC Member,High income
68,Denmark,Western Europe,Western Europe,,,OECD,DAC Member,High income,Annex II,Europe and Central Asia,developed,Developed Countries,Europe,,Developed,Advanced,,,Europe,Northern Europe,Northern Europe,208,DK,208,DNK,Global North,OECD,DAC Member,High income
69,Djibouti,Sub-Saharan Africa,Sub-Saharan Africa,,,non-OECD,,Lower middle income,non-Annex I,Middle East and North Africa,ldc,Africa,Africa,,LDC,LDC,,,Africa,Sub-Saharan Africa,Eastern Africa,262,DJ,262,DJI,Global South,non-OECD,,Lower middle income
70,Dominica,Latin America & Caribbean,Central America & Caribbean,,,non-OECD,,Upper middle income,non-Annex I,Latin America and the Caribbean,developing,Latin America and Caribbean,Latin America and Caribbean,,EMDE,EMDE,SIDS,,America,Latin America and the Caribbean,Caribbean,212,DM,212,DMA,Global South,non-OECD,,Upper middle income
71,Dominican Republic,Latin America & Caribbean,Central America & Caribbean,,,non-OECD,,Upper middle income,non-Annex I,Latin America and the Caribbean,developing,Latin America and Caribbean,Latin America and Caribbean,,EMDE,EMDE,SIDS,,America,Latin America and the Caribbean,Caribbean,214,DO,214,DOM,Global South,non-OECD,,Upper middle income
72,ECOWAS,Sub-Saharan Africa,Sub-Saharan Africa,,,non-OECD,,Transregional,,Sub-Saharan Africa,,,,,EMDE,,,,,,,,,,,Unknown,non-OECD,,Transregional
73,Ecuador,Latin America & Caribbean,South America,,,non-OECD,,Upper middle income,non-Annex I,Latin America and the Caribbean,developing,Latin America and Caribbean,Latin America and Caribbean,,EMDE,EMDE,,,America,Latin America and the Caribbean,South America,218,EC,218,ECU,Global South,non-OECD,,Upper middle income
74,Egypt,Middle East and North Africa,Middle East and North Africa,,,non-OECD,,Lower middle income,non-Annex I,Middle East and North Africa,developing,Africa,Africa,,EMDE,EMDE,,,Africa,Northern Africa,Northern Africa,818,EG,818,EGY,Global South,non-OECD,,Lower middle income
75,El Salvador,Latin America & Caribbean,Central America & Caribbean,,,non-OECD,,Lower middle income,non-Annex I,Latin America and the Caribbean,developing,Latin America and Caribbean,Latin America and Caribbean,,EMDE,EMDE,,,America,Latin America and the Caribbean,Central America,222,SV,222,SLV,Global South,non-OECD,,Lower middle income
76,Equatorial Guinea,Sub-Saharan Africa,Sub-Saharan Africa,,,non-OECD,,Upper middle income,non-Annex I,Sub-Saharan Africa,developing,Africa,Africa,,EMDE,EMDE,,,Africa,Sub-Saharan Africa,Middle Africa,226,GQ,226,GNQ,Global South,non-OECD,,Upper middle income
77,Eritrea,Sub-Saharan Africa,Sub-Saharan Africa,,,non-OECD,,Low income,non-Annex I,Sub-Saharan Africa,ldc,Africa,Africa,,LDC,LDC,,,Africa,Sub-Saharan Africa,Eastern Africa,232,ER,232,ERI,Global South,non-OECD,,Low income
78,Estonia,Central Asia and Eastern Europe,Central Asia and Eastern Europe,,,OECD,Reports to DAC,High income,Annex I,Europe and Central Asia,developed,Developed Countries,Europe,,Developed,Advanced,,,Europe,Northern Europe,Northern Europe,233,EE,233,EST,Global North,OECD,Reports to DAC,High income
79,Ethiopia,Sub-Saharan Africa,Sub-Saharan Africa,,,non-OECD,,Low income,non-Annex I,Sub-Saharan Africa,ldc,Africa,Africa,,LDC,LDC,,LLDC,Africa,Sub-Saharan Africa,Eastern Africa,231,ET,231,ETH,Global South,non-OECD,,Low income
80,European Bank for Reconstruction and Development,Transregional,Transregional,Transregional,,Check ownership,DAC Member,Transregional,,Europe and Central Asia,,,,,Developed,,,,,,,,,,,Unknown,Check ownership,DAC Member,Transregional
81,European Commission,Transregional,Transregional,Transregional,,Check ownership,,Transregional,,Europe and Central Asia,,,,,Developed,,,,,,,,,,,Unknown,Check ownership,,Transregional
82,European Development Fund,Western Europe,Western Europe,,,Check ownership,DAC Member,Transregional,,Europe and Central Asia,,,,,Developed,,,,,,,,,,,Unknown,Check ownership,DAC Member,Transregional
83,European Investment Bank,Western Europe,Western Europe,,,OECD,DAC Member,Transregional,,Europe and Central Asia,,,,,Developed,,,,,,,,,,,Unknown,OECD,DAC Member,Transregional
84,European Union,Western Europe,Western Europe,,,OECD,DAC Member,High income,Annex II,Europe and Central Asia,developed,Developed Countries,Europe,,Developed,,,,,,,,,,,Global North,OECD,DAC Member,High income
85,Falkland Islands,Latin America & Caribbean,South America,,,non-OECD,,Unknown,Related to Annex I Party,Latin America and the Caribbean,,,,,EMDE,Advanced,,,America,Latin America and the Caribbean,South America,,FK,238,FLK,Global North,non-OECD,,Unknown
86,Faroe Islands,Western Europe,Western Europe,,,OECD,,High income,Related to Annex I Party,Europe and Central Asia,,,,,Developed,Advanced,,,Europe,Northern Europe,Northern Europe,234,FO,234,FRO,Global North,OECD,,High income
87,Fiji,East Asia and Pacific,East Asia and Pacific,,,non-OECD,,Upper middle income,non-Annex I,East Asia and Pacific,developing,Asia and developing Pacific,South-East Asia and developing Pacific,,EMDE,EMDE,SIDS,,Oceania,Melanesia,Melanesia,242,FJ,242,FJI,Global South,non-OECD,,Upper middle income
88,Finland,Western Europe,Western Europe,,,OECD,DAC Member,High income,Annex II,Europe and Central Asia,developed,Developed Countries,Europe,,Developed,Advanced,,,Europe,Northern Europe,Northern Europe,246,FI,246,FIN,Global North,OECD,DAC Member,High income
312,Forest Carbon Partnership Facility,Transregional,Transregional,,,Check ownership,,Transregional,,Transregional,,,,,,,,,,,,,,,,Unknown,Check ownership,,Transregional
313,Forest Investment Program,Transregional,Transregional,,,Check ownership,,Transregional,,Transregional,,,,,,,,,,,,,,,,Unknown,Check ownership,,Transregional
89,France,Western Europe,Western Europe,,,OECD,DAC Member,High income,Annex II,Europe and Central Asia,developed,Developed Countries,Europe,,Developed,Advanced,,,Europe,Western Europe,Western Europe,250,FR,250,FRA,Global North,OECD,DAC Member,High income
90,French Guiana,Latin America & Caribbean,South America,,,non-OECD,,Unknown,Related to Annex I Party,Latin America and the Caribbean,developing,Latin America and Caribbean,Latin America and Caribbean,,EMDE,Advanced,,,America,Latin America and the Caribbean,South America,254,GF,254,GUF,Global North,non-OECD,,Unknown
91,French Polynesia,Other Oceania,Other Oceania,,,OECD,,High income,Related to Annex I Party,East Asia and Pacific,developing,,,,Developed,Advanced,SIDS,,Oceania,Polynesia,Polynesia,258,PF,258,PYF,Global North,OECD,,High income
92,French Southern Territories,Other Oceania,Other Oceania,,,OECD,,Unknown,Related to Annex I Party,Unknown,,,,,Developed,Advanced,,,Africa,Sub-Saharan Africa,Eastern Africa,260,TF,260,ATF,Global North,OECD,,Unknown
314,Fundo Amazonia,Transregional,Transregional,,,Check ownership,,Transregional,,Latin America and the Caribbean,,,,,,,,,,,,,,,,Unknown,Check ownership,,Transregional
93,Gabon,Sub-Saharan Africa,Sub-Saharan Africa,,,non-OECD,,Upper middle income,non-Annex I,Sub-Saharan Africa,developing,Africa,Africa,,EMDE,EMDE,,,Africa,Sub-Saharan Africa,Middle Africa,266,GA,266,GAB,Global South,non-OECD,,Upper middle income
94,Gambia,Sub-Saharan Africa,Sub-Saharan Africa,,,non-OECD,,Low income,non-Annex I,Sub-Saharan Africa,ldc,Africa,Africa,,LDC,LDC,,,Africa,Sub-Saharan Africa,Western Africa,270,GM,270,GMB,Global South,non-OECD,,Low income
95,Georgia,Central Asia and Eastern Europe,Central Asia and Eastern Europe,,,non-OECD,,Lower middle income,non-Annex I,Europe and Central Asia,developing,Eastern Europe and West-Central Asia,Eurasia,,EMDE,EMDE,,,Asia,Western Asia,Western Asia,268,GE,268,GEO,Global North,non-OECD,,Lower middle income
96,Germany,Western Europe,Western Europe,,,OECD,DAC Member,High income,Annex II,Europe and Central Asia,developed,Developed Countries,Europe,,Developed,Advanced,,,Europe,Western Europe,Western Europe,276,DE,276,DEU,Global North,OECD,DAC Member,High income
97,Ghana,Sub-Saharan Africa,Sub-Saharan Africa,,,non-OECD,,Lower middle income,non-Annex I,Sub-Saharan Africa,developing,Africa,Africa,,EMDE,EMDE,,,Africa,Sub-Saharan Africa,Western Africa,288,GH,288,GHA,Global South,non-OECD,,Lower middle income
98,Gibraltar,Western Europe,Western Europe,,,OECD,,High income,Related to Annex I Party,Europe and Central Asia,,,,,EMDE,Advanced,,,Europe,Southern Europe,Southern Europe,292,GI,292,GIB,Global North,OECD,,High income
315,Global Climate Change Alliance,Transregional,Transregional,,,Check ownership,,Transregional,,Transregional,,,,,,,,,,,,,,,,Unknown,Check ownership,,Transregional
99,Global Environment Facility,Transregional,Transregional,Transregional,,Check ownership,,Transregional,,Transregional,,,,,,,,,,,,,,,,Unknown,Check ownership,,Transregional
100,Global Green Growth Institute,Transregional,Transregional,Transregional,,Check ownership,,Transregional,,Transregional,,,,,,,,,,,,,,,,Unknown,Check ownership,,Transregional
101,Greece,Western Europe,Western Europe,,,OECD,DAC Member,High income,Annex II,Europe and Central Asia,developed,Developed Countries,Europe,,Developed,Advanced,,,Europe,Southern Europe,Southern Europe,300,GR,300,GRC,Global North,OECD,DAC Member,High income
102,Green Climate Fund,Transregional,Transregional,Transregional,,Check ownership,,Transregional,,Transregional,,,,,,,,,,,,,,,,Unknown,Check ownership,,Transregional
103,Greenland,Western Europe,Western Europe,,,OECD,,High income,Related to Annex I Party,Europe and Central Asia,,,,,Developed,Advanced,,,America,Northern America,Northern America,304,GL,304,GRL,Global North,OECD,,High income
104,Grenada,Latin America & Caribbean,Central America & Caribbean,,,non-OECD,,Upper middle income,non-Annex I,Latin America and the Caribbean,developing,Latin America and Caribbean,Latin America and Caribbean,,EMDE,EMDE,SIDS,,America,Latin America and the Caribbean,Caribbean,308,GD,308,GRD,Global South,non-OECD,,Upper middle income
105,Guadeloupe,Latin America & Caribbean,Central America & Caribbean,,,non-OECD,,Unknown,Related to Annex I Party,Latin America and the Caribbean,developing,Latin America and Caribbean,Latin America and Caribbean,,EMDE,Advanced,SIDS,,America,Latin America and the Caribbean,Caribbean,312,GP,312,GLP,Global North,non-OECD,,Unknown
106,Guam,East Asia and Pacific,East Asia and Pacific,,,non-OECD,,High income,Related to Annex I Party,East Asia and Pacific,developing,Asia and developing Pacific,South-East Asia and developing Pacific,,EMDE,Advanced,SIDS,,Oceania,Micronesia,Micronesia,316,GU,316,GUM,Global North,non-OECD,,High income
107,Guatemala,Latin America & Caribbean,Central America & Caribbean,,,non-OECD,,Upper middle income,non-Annex I,Latin America and the Caribbean,developing,Latin America and Caribbean,Latin America and Caribbean,,EMDE,EMDE,,,America,Latin America and the Caribbean,Central America,320,GT,320,GTM,Global South,non-OECD,,Upper middle income
108,Guernsey,Western Europe,Western Europe,,,OECD,,High income,Related to Annex I Party,Europe and Central Asia,,,,,Developed,Advanced,,,Europe,Northern Europe,Northern Europe,831,GG,831,GGY,Global North,OECD,,High income
109,Guinea,Sub-Saharan Africa,Sub-Saharan Africa,,,non-OECD,,Low income,non-Annex I,Sub-Saharan Africa,ldc,Africa,Africa,,LDC,LDC,,,Africa,Sub-Saharan Africa,Western Africa,324,GN,324,GIN,Global South,non-OECD,,Low income
110,Guinea-Bissau,Sub-Saharan Africa,Sub-Saharan Africa,,,non-OECD,,Low income,non-Annex I,Sub-Saharan Africa,ldc,Africa,Africa,,LDC,LDC,SIDS,,Africa,Sub-Saharan Africa,Western Africa,624,GW,624,GNB,Global South,non-OECD,,Low income
111,Guyana,Latin America & Caribbean,South America,,,non-OECD,,Upper middle income,non-Annex I,Latin America and the Caribbean,developing,Latin America and Caribbean,Latin America and Caribbean,,EMDE,EMDE,SIDS,,America,Latin America and the Caribbean,South America,328,GY,328,GUY,Global South,non-OECD,,Upper middle income
112,Haiti,Latin America & Caribbean,Central America & Caribbean,,,non-OECD,,Low income,non-Annex I,Latin America and the Caribbean,ldc,Latin America and Caribbean,Latin America and Caribbean,,LDC,LDC,SIDS,,America,Latin America and the Caribbean,Caribbean,332,HT,332,HTI,Global South,non-OECD,,Low income
113,Heard Island and McDonald Islands,Other Oceania,Other Oceania,,,OECD,,Unknown,Related to Annex I Party,Unknown,,,,,,Advanced,,,Oceania,Australia and New Zealand,Australia and New Zealand,334,HM,334,HMD,Global North,OECD,,Unknown
114,Honduras,Latin America & Caribbean,Central America & Caribbean,,,non-OECD,,Lower middle income,non-Annex I,Latin America and the Caribbean,developing,Latin America and Caribbean,Latin America and Caribbean,,EMDE,EMDE,,,America,Latin America and the Caribbean,Central America,340,HN,340,HND,Global South,non-OECD,,Lower middle income
115,Hong Kong,East Asia and Pacific,East Asia and Pacific,,,non-OECD,,High income,Related to Annex I Party,East Asia and Pacific,developing,Asia and developing Pacific,Eastern Asia,,EMDE,Advanced,,,Asia,Eastern Asia,Eastern Asia,,HK,344,HKG,Global South,non-OECD,,High income
116,Hungary,Central Asia and Eastern Europe,Central Asia and Eastern Europe,,,OECD,DAC Member,High income,Annex I,Europe and Central Asia,developed,Developed Countries,Europe,,Developed,EMDE,,,Europe,Eastern Europe,Eastern Europe,348,HU,348,HUN,Global North,OECD,DAC Member,High income
117,Iceland,Western Europe,Western Europe,,,OECD,DAC Member,High income,Annex II,Europe and Central Asia,developed,Developed Countries,Europe,,Developed,Advanced,,,Europe,Northern Europe,Northern Europe,352,IS,352,ISL,Global North,OECD,DAC Member,High income
118,India,South Asia,South Asia,,,non-OECD,,Lower middle income,non-Annex I,South Asia,developing,Asia and developing Pacific,Southern Asia,,EMDE,EMDE,,,Asia,Southern Asia,Southern Asia,356,IN,356,IND,Global South,non-OECD,,Lower middle income
119,Indonesia,East Asia and Pacific,East Asia and Pacific,,,non-OECD,,Upper middle income,non-Annex I,East Asia and Pacific,developing,Asia and developing Pacific,South-East Asia and developing Pacific,,EMDE,EMDE,,,Asia,South-eastern Asia,South-eastern Asia,360,ID,360,IDN,Global South,non-OECD,,Lower middle income
120,Inter-American Development Bank,Transregional,Transregional,Transregional - America,,Check ownership,DAC Observer,Transregional,,Transregional,,,,,,,,,,,,,,,,Unknown,Check ownership,DAC Observer,Transregional
305,International Bank for Reconstruction and Development,Transregional,Transregional,Transregional,,Check ownership,DAC Observer,Transregional,,Transregional,,,,,,,,,,,,,,,,Unknown,Check ownership,DAC Observer,Transregional
121,International Development Association,Transregional,Transregional,Transregional,,Check ownership,,Transregional,,Transregional,,,,,,,,,,,,,,,,Unknown,Check ownership,,Transregional
122,International Finance Corporation,Transregional,Transregional,Transregional,,Check ownership,DAC Observer,Transregional,,Transregional,,,,,,,,,,,,,,,,Unknown,Check ownership,DAC Observer,Transregional
123,International Fund for Agricultural Development,Transregional,Transregional,Transregional,,Check ownership,,Transregional,,Transregional,,,,,,,,,,,,,,,,Unknown,Check ownership,,Transregional
124,Iran,Middle East and North Africa,Middle East and North Africa,,,non-OECD,,Upper middle income,non-Annex I,Middle East and North Africa,developing,Middle East,Middle East,,EMDE,EMDE,,,Asia,Southern Asia,Southern Asia,,IR,364,IRN,Global South,non-OECD,,Upper middle income
125,Iraq,Middle East and North Africa,Middle East and North Africa,,,non-OECD,,Upper middle income,non-Annex I,Middle East and North Africa,developing,Middle East,Middle East,,EMDE,EMDE,,,Asia,Western Asia,Western Asia,368,IQ,368,IRQ,Global South,non-OECD,,Upper middle income
126,Ireland,Western Europe,Western Europe,,,OECD,DAC Member,High income,Annex II,Europe and Central Asia,developed,Developed Countries,Europe,,Developed,Advanced,,,Europe,Northern Europe,Northern Europe,372,IE,372,IRL,Global North,OECD,DAC Member,High income
307,Islamic Development Bank,Transregional,Transregional,Transregional,,Check ownership,,Transregional,,Transregional,,,,,,,,,,,,,,,,Unknown,Check ownership,,Transregional
127,Isle of Man,Western Europe,Western Europe,,,OECD,,High income,Related to Annex I Party,Europe and Central Asia,,,,,Developed,Advanced,,,Europe,Northern Europe,Northern Europe,833,IM,833,IMN,Global North,OECD,,High income
128,Israel,Middle East and North Africa,Middle East and North Africa,,,OECD,Reports to DAC,High income,non-Annex I,Middle East and North Africa,developed,Middle East,Middle East,,Developed,Advanced,,,Asia,Western Asia,Western Asia,376,IL,376,ISR,Global North,OECD,Reports to DAC,High income
129,Italy,Western Europe,Western Europe,,,OECD,DAC Member,High income,Annex II,Europe and Central Asia,developed,Developed Countries,Europe,,Developed,Advanced,,,Europe,Southern Europe,Southern Europe,380,IT,380,ITA,Global North,OECD,DAC Member,High income
130,Jamaica,Latin America & Caribbean,Central America & Caribbean,,,non-OECD,,Upper middle income,non-Annex I,Latin America and the Caribbean,developing,Latin America and Caribbean,Latin America and Caribbean,,EMDE,EMDE,SIDS,,America,Latin America and the Caribbean,Caribbean,388,JM,388,JAM,Global South,non-OECD,,Upper middle income
131,Japan,East Asia and Pacific,East Asia and Pacific,,,OECD,DAC Member,High income,Annex II,East Asia and Pacific,developed,Developed Countries,Asia-Pacific Developed,,Developed,Advanced,,,Asia,Eastern Asia,Eastern Asia,392,JP,392,JPN,Global North,OECD,DAC Member,High income
132,Jersey,Western Europe,Western Europe,,,OECD,,High income,Related to Annex I Party,Europe and Central Asia,developed,,,,Developed,Advanced,,,Europe,Northern Europe,Northern Europe,832,JE,832,JEY,Global North,OECD,,High income
133,Jordan,Middle East and North Africa,Middle East and North Africa,,,non-OECD,,Upper middle income,non-Annex I,Middle East and North Africa,developing,Middle East,Middle East,,EMDE,EMDE,,,Asia,Western Asia,Western Asia,400,JO,400,JOR,Global South,non-OECD,,Upper middle income
134,Kazakhstan,Central Asia and Eastern Europe,Central Asia and Eastern Europe,,,non-OECD,Reports to DAC,Upper middle income,non-Annex I,Europe and Central Asia,developing,Eastern Europe and West-Central Asia,Eurasia,,EMDE,EMDE,,LLDC,Asia,Central Asia,Central Asia,398,KZ,398,KAZ,Global North,non-OECD,Reports to DAC,Upper middle income
135,Kenya,Sub-Saharan Africa,Sub-Saharan Africa,,,non-OECD,,Lower middle income,non-Annex I,Sub-Saharan Africa,developing,Africa,Africa,,EMDE,EMDE,,,Africa,Sub-Saharan Africa,Eastern Africa,404,KE,404,KEN,Global South,non-OECD,,Lower middle income
136,Kiribati,East Asia and Pacific,East Asia and Pacific,,,non-OECD,,Lower middle income,non-Annex I,East Asia and Pacific,ldc,Asia and developing Pacific,South-East Asia and developing Pacific,,LDC,LDC,SIDS,,Oceania,Micronesia,Micronesia,296,KI,296,KIR,Global South,non-OECD,,Lower middle income
137,"Korea, Democratic People's Republic",East Asia and Pacific,East Asia and Pacific,,,non-OECD,,Low income,non-Annex I,East Asia and Pacific,developing,Asia and developing Pacific,Eastern Asia,,EMDE,EMDE,,,Asia,Eastern Asia,Eastern Asia,,KP,408,PRK,Global North,non-OECD,,Low income
138,"Korea, Republic",East Asia and Pacific,East Asia and Pacific,,,OECD,DAC Member,High income,non-Annex I,East Asia and Pacific,developing,Asia and developing Pacific,Eastern Asia,,Developed,Advanced,,,Asia,Eastern Asia,Eastern Asia,,KR,410,KOR,Global North,OECD,DAC Member,High income
139,Kosovo,Central Asia and Eastern Europe,Central Asia and Eastern Europe,,,non-OECD,,Lower middle income,Not a Party,Europe and Central Asia,developing,Eastern Europe and West-Central Asia,Eurasia,,EMDE,EMDE,,,Europe,Southern Europe,Southern Europe,,KO,,KOS,Global North,non-OECD,,Lower middle income
140,Kuwait,Middle East and North Africa,Middle East and North Africa,,,non-OECD,Reports to DAC,High income,non-Annex I,Middle East and North Africa,developing,Middle East,Middle East,,EMDE,EMDE,,,Asia,Western Asia,Western Asia,414,KW,414,KWT,Global South,non-OECD,Reports to DAC,High income
141,Kyrgyzstan,Central Asia and Eastern Europe,Central Asia and Eastern Europe,,,non-OECD,,Lower middle income,non-Annex I,Europe and Central Asia,developing,Eastern Europe and West-Central Asia,Eurasia,,EMDE,EMDE,,LLDC,Asia,Central Asia,Central Asia,417,KG,417,KGZ,Global North,non-OECD,,Lower middle income
142,Lao PDR,East Asia and Pacific,East Asia and Pacific,,,non-OECD,,Lower middle income,non-Annex I,East Asia and Pacific,ldc,Asia and developing Pacific,South-East Asia and developing Pacific,,LDC,LDC,,LLDC,Asia,South-eastern Asia,South-eastern Asia,,LA,418,LAO,Global North,non-OECD,,Lower middle income
143,Latvia,Central Asia and Eastern Europe,Central Asia and Eastern Europe,,,OECD,Reports to DAC,High income,Annex I,Europe and Central Asia,developed,Developed Countries,Europe,,Developed,Advanced,,,Europe,Northern Europe,Northern Europe,428,LV,428,LVA,Global North,OECD,Reports to DAC,High income
144,Least Developed Countries Trust Fund,Transregional,Transregional,Transregional,,OECD,,Transregional,,Transregional,,,,,Developed,,,,,,,,,,,Unknown,OECD,,Transregional
145,Lebanon,Middle East and North Africa,Middle East and North Africa,,,non-OECD,,Upper middle income,non-Annex I,Middle East and North Africa,developing,Middle East,Middle East,,EMDE,EMDE,,,Asia,Western Asia,Western Asia,422,LB,422,LBN,Global South,non-OECD,,Upper middle income
146,Lesotho,Sub-Saharan Africa,Sub-Saharan Africa,,,non-OECD,,Lower middle income,non-Annex I,Sub-Saharan Africa,ldc,Africa,Africa,,LDC,LDC,,LLDC,Africa,Sub-Saharan Africa,Southern Africa,426,LS,426,LSO,Global South,non-OECD,,Lower middle income
147,Liberia,Sub-Saharan Africa,Sub-Saharan Africa,,,non-OECD,,Low income,non-Annex I,Sub-Saharan Africa,ldc,Africa,Africa,,LDC,LDC,,,Africa,Sub-Saharan Africa,Western Africa,430,LR,430,LBR,Global South,non-OECD,,Low income
148,Libya,Middle East and North Africa,Middle East and North Africa,,,non-OECD,,Upper middle income,non-Annex I,Middle East and North Africa,developing,Africa,Africa,,EMDE,EMDE,,,Africa,Northern Africa,Northern Africa,434,LY,434,LBY,Global South,non-OECD,,Upper middle income
149,Liechtenstein,Western Europe,Western Europe,,,OECD,Reports to DAC,High income,Annex I,Europe and Central Asia,developed,,,,Developed,Advanced,,,Europe,Western Europe,Western Europe,438,LI,438,LIE,Global North,OECD,Reports to DAC,High income
150,Lithuania,Central Asia and Eastern Europe,Central Asia and Eastern Europe,,,OECD,Reports to DAC,High income,Annex I,Europe and Central Asia,developed,Developed Countries,Europe,,Developed,Advanced,,,Europe,Northern Europe,Northern Europe,440,LT,440,LTU,Global North,OECD,Reports to DAC,High income
151,Luxembourg,Western Europe,Western Europe,,,OECD,DAC Member,High income,Annex II,Europe and Central Asia,developed,Developed Countries,Europe,,Developed,Advanced,,,Europe,Western Europe,Western Europe,442,LU,442,LUX,Global North,OECD,DAC Member,High income
152,Macau,East Asia and Pacific,East Asia and Pacific,,,non-OECD,,High income,non-Annex I,East Asia and Pacific,,,,,EMDE,Advanced,,,Asia,Eastern Asia,Eastern Asia,,MO,446,MAC,Global South,non-OECD,,High income
153,North Macedonia,Central Asia and Eastern Europe,Central Asia and Eastern Europe,,,non-OECD,,Upper middle income,non-Annex I,Europe and Central Asia,developed,Eastern Europe and West-Central Asia,Eurasia,,EMDE,EMDE,,,Europe,Southern Europe,Southern Europe,807,MK,807,MKD,Global North,non-OECD,,Upper middle income
154,Madagascar,Sub-Saharan Africa,Sub-Saharan Africa,,,non-OECD,,Low income,non-Annex I,Sub-Saharan Africa,ldc,Africa,Africa,,LDC,LDC,,,Africa,Sub-Saharan Africa,Eastern Africa,450,MG,450,MDG,Global South,non-OECD,,Low income
155,Malawi,Sub-Saharan Africa,Sub-Saharan Africa,,,non-OECD,,Low income,non-Annex I,Sub-Saharan Africa,ldc,Africa,Africa,,LDC,LDC,,LLDC,Africa,Sub-Saharan Africa,Eastern Africa,454,MW,454,MWI,Global South,non-OECD,,Low income
156,Malaysia,East Asia and Pacific,East Asia and Pacific,,,non-OECD,,Upper middle income,non-Annex I,East Asia and Pacific,developing,Asia and developing Pacific,South-East Asia and developing Pacific,,EMDE,EMDE,,,Asia,South-eastern Asia,South-eastern Asia,458,MY,458,MYS,Global South,non-OECD,,Upper middle income
157,Maldives,South Asia,South Asia,,,non-OECD,,Upper middle income,non-Annex I,South Asia,developing,Asia and developing Pacific,Southern Asia,,EMDE,EMDE,SIDS,,Asia,Southern Asia,Southern Asia,462,MV,462,MDV,Global South,non-OECD,,Upper middle income
158,Mali,Sub-Saharan Africa,Sub-Saharan Africa,,,non-OECD,,Low income,non-Annex I,Sub-Saharan Africa,ldc,Africa,Africa,,LDC,LDC,,LLDC,Africa,Sub-Saharan Africa,Western Africa,466,ML,466,MLI,Global South,non-OECD,,Low income
159,Malta,Western Europe,Western Europe,,,OECD,Reports to DAC,High income,Annex I,Middle East and North Africa,developed,Developed Countries,Europe,,Developed,Advanced,,,Europe,Southern Europe,Southern Europe,470,MT,470,MLT,Global South,OECD,Reports to DAC,High income
160,Marshall Islands,East Asia and Pacific,East Asia and Pacific,,,non-OECD,,Upper middle income,non-Annex I,East Asia and Pacific,developing,Asia and developing Pacific,South-East Asia and developing Pacific,,EMDE,EMDE,SIDS,,Oceania,Micronesia,Micronesia,584,MH,584,MHL,Global South,non-OECD,,Upper middle income
161,Martinique,Latin America & Caribbean,Central America & Caribbean,,,non-OECD,,Unknown,Related to Annex I Party,Latin America and the Caribbean,developing,Latin America and Caribbean,Latin America and Caribbean,,EMDE,Advanced,SIDS,,America,Latin America and the Caribbean,Caribbean,474,MQ,474,MTQ,Global North,non-OECD,,Unknown
162,Mauritania,Sub-Saharan Africa,Sub-Saharan Africa,,,non-OECD,,Lower middle income,non-Annex I,Sub-Saharan Africa,ldc,Africa,Africa,,LDC,LDC,,,Africa,Sub-Saharan Africa,Western Africa,478,MR,478,MRT,Global South,non-OECD,,Lower middle income
163,Mauritius,Sub-Saharan Africa,Sub-Saharan Africa,,,non-OECD,,High income,non-Annex I,Sub-Saharan Africa,developing,Africa,Africa,,EMDE,EMDE,SIDS,,Africa,Sub-Saharan Africa,Eastern Africa,480,MU,480,MUS,Global South,non-OECD,,Upper middle income
164,Mayotte,Sub-Saharan Africa,Sub-Saharan Africa,,,non-OECD,,Unknown,Related to Annex I Party,Sub-Saharan Africa,developed,,,,EMDE,Advanced,,,Africa,Sub-Saharan Africa,Eastern Africa,175,YT,175,MYT,Global North,non-OECD,,Unknown
165,Mexico,Latin America & Caribbean,North America,,,OECD,,Upper middle income,non-Annex I,Latin America and the Caribbean,developing,Latin America and Caribbean,Latin America and Caribbean,,EMDE,EMDE,,,America,Latin America and the Caribbean,Central America,484,MX,484,MEX,Global South,OECD,,Upper middle income
166,Micronesia,East Asia and Pacific,East Asia and Pacific,,,non-OECD,,Lower middle income,non-Annex I,East Asia and Pacific,developing,Asia and developing Pacific,South-East Asia and developing Pacific,,EMDE,EMDE,SIDS,,Oceania,Micronesia,Micronesia,,FM,583,FSM,Global South,non-OECD,,Lower middle income
167,Moldova,Central Asia and Eastern Europe,Central Asia and Eastern Europe,,,non-OECD,,Lower middle income,non-Annex I,Europe and Central Asia,developed,Eastern Europe and West-Central Asia,Eurasia,,EMDE,EMDE,,LLDC,Europe,Eastern Europe,Eastern Europe,,MD,498,MDA,Global North,non-OECD,,Lower middle income
168,Monaco,Western Europe,Western Europe,,,OECD,,High income,Annex I,Europe and Central Asia,developed,,,,Developed,Advanced,,,Europe,Western Europe,Western Europe,492,MC,492,MCO,Global North,OECD,,High income
169,Mongolia,East Asia and Pacific,East Asia and Pacific,,,non-OECD,,Lower middle income,non-Annex I,East Asia and Pacific,developing,Asia and developing Pacific,Eastern Asia,,EMDE,EMDE,,LLDC,Asia,Eastern Asia,Eastern Asia,496,MN,496,MNG,Global South,non-OECD,,Lower middle income
170,Montenegro,Central Asia and Eastern Europe,Central Asia and Eastern Europe,,,non-OECD,,Upper middle income,non-Annex I,Europe and Central Asia,developed,Developed Countries,Europe,,EMDE,EMDE,,,Europe,Southern Europe,Southern Europe,499,ME,499,MNE,Global North,non-OECD,,Upper middle income
171,Montserrat,Latin America & Caribbean,Central America & Caribbean,,,non-OECD,,Unknown,Related to Annex I Party,Latin America and the Caribbean,developing,Latin America and Caribbean,Latin America and Caribbean,,EMDE,Advanced,SIDS,,America,Latin America and the Caribbean,Caribbean,500,MS,500,MSR,Global North,non-OECD,,Unknown
172,Morocco,Middle East and North Africa,Middle East and North Africa,,,non-OECD,,Lower middle income,non-Annex I,Middle East and North Africa,developing,Africa,Africa,,EMDE,EMDE,,,Africa,Northern Africa,Northern Africa,504,MA,504,MAR,Global South,non-OECD,,Lower middle income
173,Mozambique,Sub-Saharan Africa,Sub-Saharan Africa,,,non-OECD,,Low income,non-Annex I,Sub-Saharan Africa,ldc,Africa,Africa,,LDC,LDC,,,Africa,Sub-Saharan Africa,Eastern Africa,508,MZ,508,MOZ,Global South,non-OECD,,Low income
174,Multilateral Investment Fund,Transregional,Transregional,Transregional,,Check ownership,,Transregional,,Transregional,,,,,,,,,,,,,,,,Unknown,Check ownership,,Transregional
175,Myanmar,East Asia and Pacific,East Asia and Pacific,,,non-OECD,,Lower middle income,non-Annex I,East Asia and Pacific,ldc,Asia and developing Pacific,South-East Asia and developing Pacific,,LDC,LDC,,,Asia,South-eastern Asia,South-eastern Asia,104,MM,104,MMR,Global South,non-OECD,,Lower middle income
176,Namibia,Sub-Saharan Africa,Sub-Saharan Africa,,,non-OECD,,Upper middle income,non-Annex I,Sub-Saharan Africa,developing,Africa,Africa,,EMDE,EMDE,,,Africa,Sub-Saharan Africa,Southern Africa,516,NA,516,NAM,Global South,non-OECD,,Upper middle income
177,Nauru,East Asia and Pacific,East Asia and Pacific,,,non-OECD,,High income,non-Annex I,East Asia and Pacific,developing,Asia and developing Pacific,South-East Asia and developing Pacific,,EMDE,EMDE,SIDS,,Oceania,Micronesia,Micronesia,520,NR,520,NRU,Global South,non-OECD,,Upper middle income
178,Nepal,South Asia,South Asia,,,non-OECD,,Lower middle income,non-Annex I,South Asia,ldc,Asia and developing Pacific,Southern Asia,,LDC,LDC,,LLDC,Asia,Southern Asia,Southern Asia,524,NP,524,NPL,Global South,non-OECD,,Low income
179,Netherlands,Western Europe,Western Europe,,,OECD,DAC Member,High income,Annex II,Europe and Central Asia,developed,Developed Countries,Europe,,Developed,Advanced,,,Europe,Western Europe,Western Europe,,NL,528,NLD,Global North,OECD,DAC Member,High income
180,Netherlands Antilles,Latin America & Caribbean,Central America & Caribbean,,,OECD,,Unknown,Related to Annex I Party,Latin America and the Caribbean,developing,Latin America and Caribbean,Latin America and Caribbean,,EMDE,Advanced,,,,,,,AN,530,ANT,Global North,OECD,,Unknown
181,New Caledonia,Other Oceania,Other Oceania,,,OECD,,High income,Related to Annex I Party,East Asia and Pacific,developing,Asia and developing Pacific,South-East Asia and developing Pacific,,EMDE,Advanced,SIDS,,Oceania,Melanesia,Melanesia,540,NC,540,NCL,Global North,OECD,,High income
182,New Zealand,Other Oceania,Other Oceania,,,OECD,DAC Member,High income,Annex II,East Asia and Pacific,developed,Developed Countries,Asia-Pacific Developed,,Developed,Advanced,,,Oceania,Australia and New Zealand,Australia and New Zealand,554,NZ,554,NZL,Global South,OECD,DAC Member,High income
183,Nicaragua,Latin America & Caribbean,Central America & Caribbean,,,non-OECD,,Lower middle income,non-Annex I,Latin America and the Caribbean,developing,Latin America and Caribbean,Latin America and Caribbean,,EMDE,EMDE,,,America,Latin America and the Caribbean,Central America,558,NI,558,NIC,Global South,non-OECD,,Lower middle income
184,Niger,Sub-Saharan Africa,Sub-Saharan Africa,,,non-OECD,,Low income,non-Annex I,Sub-Saharan Africa,ldc,Africa,Africa,,LDC,LDC,,LLDC,Africa,Sub-Saharan Africa,Western Africa,562,NE,562,NER,Global South,non-OECD,,Low income
185,Niger Basin Authority,Sub-Saharan Africa,Sub-Saharan Africa,,,non-OECD,,Unknown,,Sub-Saharan Africa,,,,,EMDE,,,,,,,,,,,Global North,non-OECD,,Unknown
186,Nigeria,Sub-Saharan Africa,Sub-Saharan Africa,,,non-OECD,,Lower middle income,non-Annex I,Sub-Saharan Africa,developing,Africa,Africa,,EMDE,EMDE,,,Africa,Sub-Saharan Africa,Western Africa,566,NG,566,NGA,Global South,non-OECD,,Lower middle income
187,Niue,East Asia and Pacific,East Asia and Pacific,,,non-OECD,,Unknown,non-Annex I,East Asia and Pacific,developing,Asia and developing Pacific,South-East Asia and developing Pacific,,EMDE,Advanced,SIDS,,Oceania,Polynesia,Polynesia,570,NU,570,NIU,Global North,non-OECD,,Unknown
188,Nordic Development Fund,Western Europe,Western Europe,,,Check ownership,,Transregional,,Europe and Central Asia,,,,,,,,,,,,,,,,Unknown,Check ownership,,Transregional
189,Norfolk Island,Other Oceania,Other Oceania,,,OECD,,Unknown,Related to Annex I Party,East Asia and Pacific,,,,,Developed,Advanced,,,Oceania,Australia and New Zealand,Australia and New Zealand,574,NF,574,NFK,Global North,OECD,,Unknown
190,Northern Mariana Islands,Other Oceania,Other Oceania,,,OECD,,High income,Related to Annex I Party,East Asia and Pacific,,,,,Developed,Advanced,SIDS,,Oceania,Micronesia,Micronesia,580,MP,580,MNP,Global North,OECD,,High income
191,Norway,Western Europe,Western Europe,,,OECD,DAC Member,High income,Annex II,Europe and Central Asia,developed,Developed Countries,Europe,,Developed,Advanced,,,Europe,Northern Europe,Northern Europe,578,NO,578,NOR,Global North,OECD,DAC Member,High income
192,Oman,Middle East and North Africa,Middle East and North Africa,,,non-OECD,,High income,non-Annex I,Middle East and North Africa,developing,Middle East,Middle East,,EMDE,EMDE,,,Asia,Western Asia,Western Asia,512,OM,512,OMN,Global South,non-OECD,,High income
193,Pakistan,South Asia,South Asia,,,non-OECD,,Lower middle income,non-Annex I,South Asia,developing,Asia and developing Pacific,Southern Asia,,EMDE,EMDE,,,Asia,Southern Asia,Southern Asia,586,PK,586,PAK,Global South,non-OECD,,Lower middle income
194,Palau,East Asia and Pacific,East Asia and Pacific,,,non-OECD,,High income,non-Annex I,East Asia and Pacific,developing,Asia and developing Pacific,South-East Asia and developing Pacific,,EMDE,EMDE,SIDS,,Oceania,Micronesia,Micronesia,585,PW,585,PLW,Global South,non-OECD,,High income
195,Panama,Latin America & Caribbean,Central America & Caribbean,,,non-OECD,,High income,non-Annex I,Latin America and the Caribbean,developing,Latin America and Caribbean,Latin America and Caribbean,,EMDE,EMDE,,,America,Latin America and the Caribbean,Central America,591,PA,591,PAN,Global South,non-OECD,,High income
196,Papua New Guinea,East Asia and Pacific,East Asia and Pacific,,,non-OECD,,Lower middle income,non-Annex I,East Asia and Pacific,developing,Asia and developing Pacific,South-East Asia and developing Pacific,,EMDE,EMDE,SIDS,,Oceania,Melanesia,Melanesia,598,PG,598,PNG,Global South,non-OECD,,Lower middle income
197,Paraguay,Latin America & Caribbean,South America,,,non-OECD,,Upper middle income,non-Annex I,Latin America and the Caribbean,developing,Latin America and Caribbean,Latin America and Caribbean,,EMDE,EMDE,,LLDC,America,Latin America and the Caribbean,South America,600,PY,600,PRY,Global South,non-OECD,,Upper middle income
198,Peru,Latin America & Caribbean,South America,,,non-OECD,,Upper middle income,non-Annex I,Latin America and the Caribbean,developing,Latin America and Caribbean,Latin America and Caribbean,,EMDE,EMDE,,,America,Latin America and the Caribbean,South America,604,PE,604,PER,Global South,non-OECD,,Upper middle income
199,Philippines,East Asia and Pacific,East Asia and Pacific,,,non-OECD,,Lower middle income,non-Annex I,East Asia and Pacific,developing,Asia and developing Pacific,South-East Asia and developing Pacific,,EMDE,EMDE,,,Asia,South-eastern Asia,South-eastern Asia,608,PH,608,PHL,Global South,non-OECD,,Lower middle income
316,Pilot Programme for Climate Resilience,Transregional,Transregional,,,Check ownership,,Transregional,,Transregional,,,,,,,,,,,,,,,,Unknown,Check ownership,,Transregional
200,Pitcairn,Other Oceania,Other Oceania,,,OECD,,Unknown,Related to Annex I Party,East Asia and Pacific,,,,,Developed,Advanced,,,Oceania,Polynesia,Polynesia,612,PN,612,PCN,Global North,OECD,,Unknown
201,Poland,Central Asia and Eastern Europe,Central Asia and Eastern Europe,,,OECD,DAC Member,High income,Annex I,Europe and Central Asia,developed,Developed Countries,Europe,,Developed,EMDE,,,Europe,Eastern Europe,Eastern Europe,616,PL,616,POL,Global North,OECD,DAC Member,High income
202,Portugal,Western Europe,Western Europe,,,OECD,DAC Member,High income,Annex II,Europe and Central Asia,developed,Developed Countries,Europe,,Developed,Advanced,,,Europe,Southern Europe,Southern Europe,620,PT,620,PRT,Global North,OECD,DAC Member,High income
203,Puerto Rico,Latin America & Caribbean,Central America & Caribbean,,,non-OECD,,High income,Related to Annex I Party,Latin America and the Caribbean,developing,Latin America and Caribbean,Latin America and Caribbean,,EMDE,Advanced,SIDS,,America,Latin America and the Caribbean,Caribbean,630,PR,630,PRI,Global North,non-OECD,,High income
204,Qatar,Middle East and North Africa,Middle East and North Africa,,,non-OECD,DAC Participant,High income,non-Annex I,Middle East and North Africa,developing,Middle East,Middle East,,EMDE,EMDE,,,Asia,Western Asia,Western Asia,634,QA,634,QAT,Global South,non-OECD,DAC Participant,High income
205,Reunion,Sub-Saharan Africa,Sub-Saharan Africa,,,non-OECD,,Unknown,Related to Annex I Party,Unknown,developed,Developed Countries,Europe,,EMDE,Advanced,,,Africa,Sub-Saharan Africa,Eastern Africa,638,RE,638,REU,Global North,non-OECD,,Unknown
206,Romania,Central Asia and Eastern Europe,Central Asia and Eastern Europe,,,non-OECD,Reports to DAC,High income,Annex I,Europe and Central Asia,developed,Developed Countries,Europe,,Developed,EMDE,,,Europe,Eastern Europe,Eastern Europe,642,RO,642,ROU,Global South,non-OECD,Reports to DAC,Upper middle income
207,Russia,Central Asia and Eastern Europe,Central Asia and Eastern Europe,,,non-OECD,Reports to DAC,Upper middle income,Annex I,Europe and Central Asia,developed,Eastern Europe and West-Central Asia,Eurasia,,EMDE,EMDE,,,Europe,Eastern Europe,Eastern Europe,,RU,643,RUS,Global North,non-OECD,Reports to DAC,Upper middle income
208,Rwanda,Sub-Saharan Africa,Sub-Saharan Africa,,,non-OECD,,Low income,non-Annex I,Sub-Saharan Africa,ldc,Africa,Africa,,LDC,LDC,,LLDC,Africa,Sub-Saharan Africa,Eastern Africa,646,RW,646,RWA,Global South,non-OECD,,Low income
209,Saint Barthelemy,Latin America & Caribbean,Central America & Caribbean,,,non-OECD,,Unknown,Related to Annex I Party,Latin America and the Caribbean,,,,,EMDE,Advanced,,,America,Latin America and the Caribbean,Caribbean,,BL,652,BLM,Global North,non-OECD,,Unknown
210,Saint Helena,Sub-Saharan Africa,Sub-Saharan Africa,,,non-OECD,,Unknown,Related to Annex I Party,Sub-Saharan Africa,developing,Africa,Africa,,EMDE,Advanced,,,Africa,Sub-Saharan Africa,Western Africa,654,SH,654,SHN,Global North,non-OECD,,Unknown
211,Saint Kitts and Nevis,Latin America & Caribbean,Central America & Caribbean,,,non-OECD,,High income,non-Annex I,Latin America and the Caribbean,developing,Latin America and Caribbean,Latin America and Caribbean,,EMDE,EMDE,SIDS,,America,Latin America and the Caribbean,Caribbean,659,KN,659,KNA,Global South,non-OECD,,High income
212,Saint Lucia,Latin America & Caribbean,Central America & Caribbean,,,non-OECD,,Upper middle income,non-Annex I,Latin America and the Caribbean,developing,Latin America and Caribbean,Latin America and Caribbean,,EMDE,EMDE,SIDS,,America,Latin America and the Caribbean,Caribbean,662,LC,662,LCA,Global South,non-OECD,,Upper middle income
213,Saint Martin,Latin America & Caribbean,Central America & Caribbean,,,non-OECD,,Unknown,Related to Annex I Party,Latin America and the Caribbean,,,,,EMDE,Advanced,SIDS,,America,Latin America and the Caribbean,Caribbean,,SX,534,SXM,Global North,non-OECD,,Unknown
214,Saint Martin (French part),Latin America & Caribbean,Central America & Caribbean,,,non-OECD,,High income,Related to Annex I Party,Latin America and the Caribbean,,,,,EMDE,Advanced,SIDS,,America,Latin America and the Caribbean,Caribbean,663,MF,663,MAF,Global North,non-OECD,,High income
215,Saint Pierre and Miquelon,US & Canada,North America,,,OECD,,Unknown,Related to Annex I Party,North America,,,,,Developed,Advanced,,,America,Northern America,Northern America,666,PM,666,SPM,Global North,OECD,,Unknown
216,Saint Vincent and the Grenadines,Latin America & Caribbean,Central America & Caribbean,,,non-OECD,,Upper middle income,non-Annex I,Latin America and the Caribbean,developing,Latin America and Caribbean,Latin America and Caribbean,,EMDE,EMDE,SIDS,,America,Latin America and the Caribbean,Caribbean,670,VC,670,VCT,Global South,non-OECD,,Upper middle income
217,Samoa,East Asia and Pacific,East Asia and Pacific,,,non-OECD,,Upper middle income,non-Annex I,East Asia and Pacific,developing,Asia and developing Pacific,South-East Asia and developing Pacific,,EMDE,EMDE,SIDS,,Oceania,Polynesia,Polynesia,882,WS,882,WSM,Global South,non-OECD,,Upper middle income
218,San Marino,Western Europe,Western Europe,,,OECD,,High income,non-Annex I,Europe and Central Asia,developed,,,,Developed,Advanced,,,Europe,Southern Europe,Southern Europe,674,SM,674,SMR,Global North,OECD,,High income
219,Sao Tome and Principe,Sub-Saharan Africa,Sub-Saharan Africa,,,non-OECD,,Lower middle income,non-Annex I,Sub-Saharan Africa,ldc,Africa,Africa,,LDC,LDC,SIDS,,Africa,Sub-Saharan Africa,Middle Africa,678,ST,678,STP,Global North,non-OECD,,Lower middle income
220,Saudi Arabia,Middle East and North Africa,Middle East and North Africa,,,non-OECD,Reports to DAC,High income,non-Annex I,Middle East and North Africa,developing,Middle East,Middle East,,EMDE,EMDE,,,Asia,Western Asia,Western Asia,682,SA,682,SAU,Global South,non-OECD,Reports to DAC,High income
317,Scaling Up Renewable Energy Program,Transregional,Transregional,,,Check ownership,,Transregional,,Transregional,,,,,,,,,,,,,,,,Unknown,Check ownership,,Transregional
221,Senegal,Sub-Saharan Africa,Sub-Saharan Africa,,,non-OECD,,Low income,non-Annex I,Sub-Saharan Africa,ldc,Africa,Africa,,LDC,LDC,,,Africa,Sub-Saharan Africa,Western Africa,686,SN,686,SEN,Global South,non-OECD,,Low income
222,Serbia,Central Asia and Eastern Europe,Central Asia and Eastern Europe,,,non-OECD,,Upper middle income,non-Annex I,Europe and Central Asia,developed,Developed Countries,Europe,,EMDE,EMDE,,,Europe,Southern Europe,Southern Europe,688,RS,688,SRB,Global North,non-OECD,,Upper middle income
223,Seychelles,Sub-Saharan Africa,Sub-Saharan Africa,,,non-OECD,,High income,non-Annex I,Sub-Saharan Africa,developing,Africa,Africa,,EMDE,EMDE,SIDS,,Africa,Sub-Saharan Africa,Eastern Africa,690,SC,690,SYC,Global South,non-OECD,,High income
224,Sierra Leone,Sub-Saharan Africa,Sub-Saharan Africa,,,non-OECD,,Low income,non-Annex I,Sub-Saharan Africa,ldc,Africa,Africa,,LDC,LDC,,,Africa,Sub-Saharan Africa,Western Africa,694,SL,694,SLE,Global South,non-OECD,,Low income
225,Singapore,East Asia and Pacific,East Asia and Pacific,,,non-OECD,,High income,non-Annex I,East Asia and Pacific,developing,Asia and developing Pacific,South-East Asia and developing Pacific,,EMDE,Advanced,,,Asia,South-eastern Asia,South-eastern Asia,702,SG,702,SGP,Global South,non-OECD,,High income
226,Slovakia,Central Asia and Eastern Europe,Central Asia and Eastern Europe,,,OECD,DAC Member,High income,Annex I,Europe and Central Asia,developed,Developed Countries,Europe,,Developed,Advanced,,,Europe,Eastern Europe,Eastern Europe,703,SK,703,SVK,Global North,OECD,DAC Member,High income
227,Slovenia,Western Europe,Western Europe,,,OECD,DAC Member,High income,Annex I,Europe and Central Asia,developed,Developed Countries,Europe,,Developed,Advanced,,,Europe,Southern Europe,Southern Europe,705,SI,705,SVN,Global North,OECD,DAC Member,High income
228,Solomon Islands,East Asia and Pacific,East Asia and Pacific,,,non-OECD,,Lower middle income,non-Annex I,East Asia and Pacific,ldc,Asia and developing Pacific,South-East Asia and developing Pacific,,LDC,LDC,SIDS,,Oceania,Melanesia,Melanesia,90,SB,90,SLB,Global South,non-OECD,,Lower middle income
229,Somalia,Sub-Saharan Africa,Sub-Saharan Africa,,,non-OECD,,Low income,non-Annex I,Sub-Saharan Africa,ldc,Africa,Africa,,LDC,LDC,,,Africa,Sub-Saharan Africa,Eastern Africa,706,SO,706,SOM,Global South,non-OECD,,Low income
230,South Africa,Sub-Saharan Africa,Sub-Saharan Africa,,,non-OECD,,Upper middle income,non-Annex I,Sub-Saharan Africa,developing,Africa,Africa,,EMDE,EMDE,,,Africa,Sub-Saharan Africa,Southern Africa,710,ZA,710,ZAF,Global South,non-OECD,,Upper middle income
231,South Sudan,Sub-Saharan Africa,Sub-Saharan Africa,,,non-OECD,,Low income,non-Annex I,Sub-Saharan Africa,ldc,Africa,Africa,,LDC,LDC,,LLDC,Africa,Sub-Saharan Africa,Eastern Africa,728,SS,728,SSD,Global South,non-OECD,,Low income
232,Spain,Western Europe,Western Europe,,,OECD,DAC Member,High income,Annex II,Europe and Central Asia,developed,Developed Countries,Europe,,Developed,Advanced,,,Europe,Southern Europe,Southern Europe,724,ES,724,ESP,Global North,OECD,DAC Member,High income
233,Special Climate Change Trust Fund,Transregional,Transregional,Transregional,,Check ownership,,Transregional,,Transregional,,,,,,,,,,,,,,,,Unknown,Check ownership,,Transregional
234,Sri Lanka,South Asia,South Asia,,,non-OECD,,Lower middle income,non-Annex I,South Asia,developing,Asia and developing Pacific,Southern Asia,,EMDE,EMDE,,,Asia,Southern Asia,Southern Asia,144,LK,144,LKA,Global South,non-OECD,,Lower middle income
235,State of Palestine,Middle East and North Africa,Middle East and North Africa,,,non-OECD,,Lower middle income,non-Annex I,Middle East and North Africa,developing,Middle East,Middle East,,EMDE,EMDE,,,Asia,Western Asia,Western Asia,275,PS,275,PSE,Global North,non-OECD,,Lower middle income
236,Sudan,Sub-Saharan Africa,Sub-Saharan Africa,,,non-OECD,,Low income,non-Annex I,Sub-Saharan Africa,ldc,Africa,Africa,,LDC,LDC,,,Africa,Northern Africa,Northern Africa,729,SD,729,SDN,Global South,non-OECD,,Lower middle income
237,Suriname,Latin America & Caribbean,South America,,,non-OECD,,Upper middle income,non-Annex I,Latin America and the Caribbean,developing,Latin America and Caribbean,Latin America and Caribbean,,EMDE,EMDE,SIDS,,America,Latin America and the Caribbean,South America,740,SR,740,SUR,Global South,non-OECD,,Upper middle income
238,Svalbard and Jan Mayen,Western Europe,Western Europe,,,OECD,,Unknown,Related to Annex I Party,Europe and Central Asia,,,,,Developed,Advanced,,,Europe,Northern Europe,Northern Europe,,,,,Global North,OECD,,Unknown
239,Swaziland,Sub-Saharan Africa,Sub-Saharan Africa,,,non-OECD,,Lower middle income,non-Annex I,Sub-Saharan Africa,developing,Africa,Africa,,EMDE,EMDE,,,Africa,Sub-Saharan Africa,Southern Africa,,SZ,748,SWZ,Global North,non-OECD,,Lower middle income
240,Sweden,Western Europe,Western Europe,,,OECD,DAC Member,High income,Annex II,Europe and Central Asia,developed,Developed Countries,Europe,,Developed,Advanced,,,Europe,Northern Europe,Northern Europe,752,SE,752,SWE,Global North,OECD,DAC Member,High income
241,Switzerland,Western Europe,Western Europe,,,OECD,DAC Member,High income,Annex II,Europe and Central Asia,developed,Developed Countries,Europe,,Developed,Advanced,,,Europe,Western Europe,Western Europe,756,CH,756,CHE,Global North,OECD,DAC Member,High income
242,Syria,Middle East and North Africa,Middle East and North Africa,,,non-OECD,,Low income,non-Annex I,Middle East and North Africa,developing,Middle East,Middle East,,EMDE,EMDE,,,Asia,Western Asia,Western Asia,,SY,760,SYR,Global South,non-OECD,,Low income
243,Taiwan,East Asia and Pacific,East Asia and Pacific,,,non-OECD,,High income,Not a Party,East Asia and Pacific,developing,Asia and developing Pacific,Eastern Asia,,EMDE,Advanced,,,Asia,Eastern Asia,Eastern Asia,,TW,158,TWN,Global South,non-OECD,,High income
244,Tajikistan,Central Asia and Eastern Europe,Central Asia and Eastern Europe,,,non-OECD,,Low income,non-Annex I,Europe and Central Asia,developing,Eastern Europe and West-Central Asia,Eurasia,,EMDE,EMDE,,LLDC,Asia,Central Asia,Central Asia,762,TJ,762,TJK,Global South,non-OECD,,Low income
245,Tanzania,Sub-Saharan Africa,Sub-Saharan Africa,,,non-OECD,,Lower middle income,non-Annex I,Sub-Saharan Africa,ldc,Africa,Africa,,LDC,LDC,,,Africa,Sub-Saharan Africa,Eastern Africa,,TZ,834,TZA,Global South,non-OECD,,Low income
246,Thailand,East Asia and Pacific,East Asia and Pacific,,,non-OECD,Reports to DAC,Upper middle income,non-Annex I,East Asia and Pacific,developing,Asia and developing Pacific,South-East Asia and developing Pacific,,EMDE,EMDE,,,Asia,South-eastern Asia,South-eastern Asia,764,TH,764,THA,Global South,non-OECD,Reports to DAC,Upper middle income
247,Timor Leste,East Asia and Pacific,East Asia and Pacific,,,non-OECD,Reports to DAC,Lower middle income,non-Annex I,East Asia and Pacific,ldc,Asia and developing Pacific,South-East Asia and developing Pacific,,LDC,LDC,SIDS,,Asia,South-eastern Asia,South-eastern Asia,,TL,626,TLS,Global North,non-OECD,Reports to DAC,Lower middle income
248,Togo,Sub-Saharan Africa,Sub-Saharan Africa,,,non-OECD,,Low income,non-Annex I,Sub-Saharan Africa,ldc,Africa,Africa,,LDC,LDC,,,Africa,Sub-Saharan Africa,Western Africa,768,TG,768,TGO,Global South,non-OECD,,Low income
249,Tokelau,Other Oceania,Other Oceania,,,OECD,,Unknown,Related to Annex I Party,East Asia and Pacific,developing,Asia and developing Pacific,South-East Asia and developing Pacific,,EMDE,Advanced,,,Oceania,Polynesia,Polynesia,772,TK,772,TKL,Global North,OECD,,Unknown
250,Tonga,East Asia and Pacific,East Asia and Pacific,,,non-OECD,,Upper middle income,non-Annex I,East Asia and Pacific,developing,Asia and developing Pacific,South-East Asia and developing Pacific,,EMDE,EMDE,SIDS,,Oceania,Polynesia,Polynesia,776,TO,776,TON,Global South,non-OECD,,Upper middle income
251,Trinidad and Tobago,Latin America & Caribbean,Central America & Caribbean,,,non-OECD,,High income,non-Annex I,Latin America and the Caribbean,developing,Latin America and Caribbean,Latin America and Caribbean,,EMDE,EMDE,SIDS,,America,Latin America and the Caribbean,Caribbean,780,TT,780,TTO,Global South,non-OECD,,High income
252,Tunisia,Middle East and North Africa,Middle East and North Africa,,,non-OECD,,Lower middle income,non-Annex I,Middle East and North Africa,developing,Africa,Africa,,EMDE,EMDE,,,Africa,Northern Africa,Northern Africa,788,TN,788,TUN,Global South,non-OECD,,Lower middle income
253,Turkey,Central Asia and Eastern Europe,Central Asia and Eastern Europe,,,OECD,Reports to DAC,Upper middle income,Annex I,Europe and Central Asia,developed,Developed Countries,Europe,,Developed,EMDE,,,Asia,Western Asia,Western Asia,,TR,792,TUR,Global North,OECD,Reports to DAC,Upper middle income
254,Turkmenistan,Central Asia and Eastern Europe,Central Asia and Eastern Europe,,,non-OECD,,Upper middle income,non-Annex I,Europe and Central Asia,developing,Eastern Europe and West-Central Asia,Eurasia,,EMDE,EMDE,,LLDC,Asia,Central Asia,Central Asia,795,TM,795,TKM,Global South,non-OECD,,Upper middle income
255,Turks and Caicos Islands,Latin America & Caribbean,Central America & Caribbean,,,non-OECD,,High income,Related to Annex I Party,Latin America and the Caribbean,,,,,EMDE,Advanced,SIDS,,America,Latin America and the Caribbean,Caribbean,796,TC,796,TCA,Global North,non-OECD,,High income
256,Tuvalu,East Asia and Pacific,East Asia and Pacific,,,non-OECD,,Upper middle income,non-Annex I,East Asia and Pacific,ldc,Asia and developing Pacific,South-East Asia and developing Pacific,,LDC,LDC,SIDS,,Oceania,Polynesia,Polynesia,798,TV,798,TUV,Global North,non-OECD,,Upper middle income
257,Uganda,Sub-Saharan Africa,Sub-Saharan Africa,,,non-OECD,,Low income,non-Annex I,Sub-Saharan Africa,ldc,Africa,Africa,,LDC,LDC,,LLDC,Africa,Sub-Saharan Africa,Eastern Africa,800,UG,800,UGA,Global South,non-OECD,,Low income
258,Ukraine,Central Asia and Eastern Europe,Central Asia and Eastern Europe,,,non-OECD,,Lower middle income,Annex I,Europe and Central Asia,developed,Developed Countries,Europe,,EMDE,EMDE,,,Europe,Eastern Europe,Eastern Europe,804,UA,804,UKR,Global North,non-OECD,,Lower middle income
259,United Arab Emirates,Middle East and North Africa,Middle East and North Africa,,,non-OECD,Reports to DAC,High income,non-Annex I,Middle East and North Africa,developing,Middle East,Middle East,,EMDE,EMDE,,,Asia,Western Asia,Western Asia,784,AE,784,ARE,Global South,non-OECD,Reports to DAC,High income
260,United Kingdom,Western Europe,Western Europe,,,OECD,DAC Member,High income,Annex II,Europe and Central Asia,developed,Developed Countries,Europe,,Developed,Advanced,,,Europe,Northern Europe,Northern Europe,,GB,826,GBR,Global North,OECD,DAC Member,High income
261,United States of America,US & Canada,North America,,,OECD,DAC Member,High income,Annex II,North America,developed,Developed Countries,North America,,Developed,Advanced,,,America,Northern America,Northern America,840,US,840,USA,Global North,OECD,DAC Member,High income
262,Unknown,Unknown,Unknown,,2018,Unknown,,Unknown,,Unknown,,0,0,,,Transregional,,,,,,,,,,Unknown,Unknown,,Unknown
318,UN-REDD Programme,Transregional,Transregional,,,Check ownership,,Transregional,,Transregional,,,,,,,,,,,,,,,,Unknown,Check ownership,,Transregional
263,Unspecified/Africa,Sub-Saharan Africa,Sub-Saharan Africa,Transregional - Africa,,non-OECD,,Transregional,,Transregional,ldc,Africa,Africa,,EMDE,Transregional,,,,,,,,,,Unknown,non-OECD,,Transregional
264,Unspecified/America,Transregional,Transregional,,,Check ownership,,Transregional,,Transregional,developed,Developed Countries,North America,,Developed,Transregional,,,,,,,,,,Unknown,OECD,,Transregional
265,Unspecified/Asia,Transregional,Transregional,Transregional - Asia,,non-OECD,,Transregional,,Transregional,developing,Asia and developing Pacific,0,,EMDE,Transregional,,,,,,,,,,Unknown,non-OECD,,Transregional
266,Unspecified/Asia and Pacific,East Asia and Pacific,East Asia and Pacific,Transregional - Asia,,non-OECD,,Transregional,,Transregional,developing,Asia and developing Pacific,0,,EMDE,Transregional,,,,,,,,,,Unknown,non-OECD,,Transregional
267,Unspecified/Bilateral,Transregional,Transregional,Transregional,2018,non-OECD,,Transregional,,Transregional,,,,,EMDE,Transregional,,,,,,,,,,Unknown,non-OECD,,Transregional
268,Unspecified/Caribbean,Latin America & Caribbean,Central America & Caribbean,,,non-OECD,,Transregional,Related to Annex I Party,Latin America and the Caribbean,developing,Latin America and Caribbean,Latin America and Caribbean,,EMDE,Transregional,,,,,,,,,,Unknown,non-OECD,,Transregional
269,Unspecified/Central America,Latin America & Caribbean,Central America & Caribbean,,,non-OECD,,Transregional,,Latin America and the Caribbean,developing,Latin America and Caribbean,Latin America and Caribbean,,EMDE,Transregional,,,,,,,,,,Unknown,non-OECD,,Transregional
270,Unspecified/Central Asia,Central Asia and Eastern Europe,Central Asia and Eastern Europe,,,non-OECD,,Transregional,,Europe and Central Asia,developing,Eastern Europe and West-Central Asia,0,,EMDE,Transregional,,,,,,,,,,Unknown,non-OECD,,Transregional
271,Unspecified/Central Europe,Western Europe,Western Europe,,,OECD,,Transregional,,Europe and Central Asia,developed,,,,Developed,Transregional,,,,,,,,,,Unknown,OECD,,Transregional
272,Unspecified/DAC Member,Transregional,Transregional,,,Transregional,DAC Member,Transregional,,Transregional,developed,,,,,Transregional,,,,,,,,,,Global North,Transregional,DAC Member,Transregional
273,Unspecified/East Asia and Pacific,East Asia and Pacific,East Asia and Pacific,,,non-OECD,,Transregional,,East Asia and Pacific,developing,Asia and developing Pacific,0,,EMDE,Transregional,,,,,,,,,,Unknown,non-OECD,,Transregional
274,Unspecified/Eastern Europe,Central Asia and Eastern Europe,Central Asia and Eastern Europe,,,Transregional,,Transregional,,Europe and Central Asia,developed,Eastern Europe and West-Central Asia,Eurasia,,EMDE,Transregional,,,,,,,,,,Unknown,Transregional,,Transregional
275,Unspecified/Europe,Western Europe,Western Europe,Transregional - Europe,,OECD,,Transregional,,Europe and Central Asia,developed,Developed Countries,Europe,,Developed,Transregional,,,,,,,,,,Unknown,OECD,,Transregional
276,Unspecified/Far East Asia,East Asia and Pacific,East Asia and Pacific,,,non-OECD,,Transregional,,East Asia and Pacific,developing,Asia and developing Pacific,0,,EMDE,Transregional,,,,,,,,,,Unknown,non-OECD,,Transregional
277,Unspecified/Global,Transregional,Transregional,Transregional,,Transregional,,Transregional,,Transregional,,0,0,,,Transregional,,,,,,,,,,Unknown,Transregional,,Transregional
278,Unspecified/Middle East,Middle East and North Africa,Middle East and North Africa,,,non-OECD,,Transregional,,Middle East and North Africa,developing,Middle East,Middle East,,EMDE,Transregional,,,,,,,,,,Unknown,non-OECD,,Transregional
279,Unspecified/Multilateral donor,Transregional,Transregional,Transregional,,Transregional,Multilateral Donor,Transregional,,Transregional,developed,,,,,Transregional,,,,,,,,,,Unknown,Transregional,Multilateral Donor,Transregional
280,Unspecified/Multiple countries,Transregional,Transregional,Transregional,,Transregional,,Transregional,,Transregional,,0,0,,,Transregional,,,,,,,,,,Unknown,Transregional,,Transregional
281,Unspecified/Non-DAC member,Transregional,Transregional,Transregional,,Transregional,Non-DAC Member,Transregional,,Transregional,,,,,,Transregional,,,,,,,,,,Unknown,Transregional,Non-DAC Member,Transregional
309,Unspecified/non-OECD,Transregional,Transregional,Transregional,,non-OECD,,Unknown,,Transregional,developing,0,0,,EMDE,Transregional,,,,,,,,,,Unknown,non-OECD,,Unknown
282,Unspecified/North Africa,Middle East and North Africa,Middle East and North Africa,,,non-OECD,,Transregional,,Middle East and North Africa,developing,Africa,Africa,,EMDE,Transregional,,,,,,,,,,Unknown,non-OECD,,Transregional
283,Unspecified/North and Central America,Transregional,Transregional,Transregional - America,,non-OECD,,Transregional,,Transregional,developing,0,0,,EMDE,Transregional,,,,,,,,,,Unknown,non-OECD,,Transregional
284,Unspecified/Oceania,Other Oceania,Other Oceania,,,non-OECD,,Transregional,,East Asia and Pacific,developed,0,0,,Developed,Transregional,,,,,,,,,,Unknown,non-OECD,,Transregional
306,Unspecified/OECD,Transregional,Transregional,Transregional,,OECD,,High income,,Transregional,developed,Developed Countries,0,,Developed,Transregional,,,,,,,,,,Global North,OECD,,High income
285,Unspecified/Regional,Transregional,Transregional,Transregional,,Transregional,,Transregional,,Transregional,,0,0,,,Transregional,,,,,,,,,,Unknown,Transregional,,Transregional
286,Unspecified/South America,Latin America & Caribbean,South America,Transregional - America,,non-OECD,,Transregional,,Latin America and the Caribbean,developing,Latin America and Caribbean,Latin America and Caribbean,,EMDE,Transregional,,,,,,,,,,Unknown,non-OECD,,Transregional
287,Unspecified/South and Central Asia,Transregional,Transregional,Transregional - Asia,,non-OECD,,Transregional,,Transregional,developing,Asia and developing Pacific,Southern Asia,,EMDE,Transregional,,,,,,,,,,Unknown,non-OECD,,Transregional
288,Unspecified/South Asia,South Asia,South Asia,,,non-OECD,,Transregional,,South Asia,developing,Asia and developing Pacific,Southern Asia,,EMDE,Transregional,,,,,,,,,,Unknown,non-OECD,,Transregional
289,Unspecified/Sub-Saharan Africa,Sub-Saharan Africa,Sub-Saharan Africa,,,non-OECD,,Transregional,,Sub-Saharan Africa,ldc,Africa,Africa,,EMDE,Transregional,,,,,,,,,,Unknown,non-OECD,,Transregional
290,Uruguay,Latin America & Caribbean,South America,,,OECD,,High income,non-Annex I,Latin America and the Caribbean,developing,Latin America and Caribbean,Latin America and Caribbean,,EMDE,EMDE,,,America,Latin America and the Caribbean,South America,858,UY,858,URY,Global South,non-OECD,,High income
291,Uzbekistan,Central Asia and Eastern Europe,Central Asia and Eastern Europe,,,non-OECD,,Lower middle income,non-Annex I,Europe and Central Asia,developing,Eastern Europe and West-Central Asia,Eurasia,,EMDE,EMDE,,LLDC,Asia,Central Asia,Central Asia,860,UZ,860,UZB,Global North,non-OECD,,Lower middle income
292,Vanuatu,East Asia and Pacific,East Asia and Pacific,,,non-OECD,,Lower middle income,non-Annex I,East Asia and Pacific,ldc,Asia and developing Pacific,South-East Asia and developing Pacific,,EMDE,EMDE,SIDS,,Oceania,Melanesia,Melanesia,548,VU,548,VUT,Global South,non-OECD,,Lower middle income
293,Vatican City,Western Europe,Western Europe,,,OECD,,High income,Related to Annex I Party,Europe and Central Asia,,,,,Developed,Advanced,,,Europe,Southern Europe,Southern Europe,,VA,336,VAT,Global North,OECD,,High income
294,Venezuela,Latin America & Caribbean,South America,,,non-OECD,,Upper middle income,non-Annex I,Latin America and the Caribbean,developing,Latin America and Caribbean,Latin America and Caribbean,,EMDE,EMDE,,,America,Latin America and the Caribbean,South America,,VE,862,VEN,Global South,non-OECD,,Upper middle income
295,Vietnam,East Asia and Pacific,East Asia and Pacific,,,non-OECD,,Lower middle income,non-Annex I,East Asia and Pacific,developing,Asia and developing Pacific,South-East Asia and developing Pacific,,EMDE,EMDE,,,Asia,South-eastern Asia,South-eastern Asia,,VN,704,VNM,Global South,non-OECD,,Lower middle income
296,"Virgin Islands, British",Latin America & Caribbean,Central America & Caribbean,,,non-OECD,,High income,Related to Annex I Party,Latin America and the Caribbean,,,,,EMDE,Advanced,SIDS,,America,Latin America and the Caribbean,Caribbean,,VG,92,VGB,Global North,non-OECD,,High income
297,"Virgin Islands, US",Latin America & Caribbean,Central America & Caribbean,,,non-OECD,,High income,Related to Annex I Party,Latin America and the Caribbean,,,,,EMDE,Advanced,SIDS,,America,Latin America and the Caribbean,Caribbean,,VI,850,VIR,Global North,non-OECD,,High income
298,Wallis and Futuna,East Asia and Pacific,East Asia and Pacific,,,non-OECD,,Unknown,Related to Annex I Party,East Asia and Pacific,developing,Asia and developing Pacific,South-East Asia and developing Pacific,,EMDE,Advanced,,,Oceania,Polynesia,Polynesia,,WF,876,"WLF	",Global North,non-OECD,,Unknown
299,Western Sahara,Middle East and North Africa,Middle East and North Africa,,,non-OECD,,Transregional,,Middle East and North Africa,,,,,EMDE,Transregional,,,Africa,Northern Africa,Northern Africa,732,EH,732,ESH,Unknown,non-OECD,,Transregional
300,World Bank,Transregional,Transregional,Transregional,,Check ownership,DAC Observer,Transregional,,Transregional,,,,,,,,,,,,,,,,Unknown,Check ownership,DAC Observer,Transregional
301,Yemen,Middle East and North Africa,Middle East and North Africa,,,non-OECD,,Low income,non-Annex I,Middle East and North Africa,ldc,Middle East,Middle East,,LDC,LDC,,,Asia,Western Asia,Western Asia,887,YE,887,YEM,Global South,non-OECD,,Low income
302,Zambia,Sub-Saharan Africa,Sub-Saharan Africa,,,non-OECD,,Lower middle income,non-Annex I,Sub-Saharan Africa,ldc,Africa,Africa,,LDC,LDC,,LLDC,Africa,Sub-Saharan Africa,Eastern Africa,894,ZM,894,ZMB,Global South,non-OECD,,Lower middle income
303,Zimbabwe,Sub-Saharan Africa,Sub-Saharan Africa,,,non-OECD,,Low income,non-Annex I,Sub-Saharan Africa,developing,Africa,Africa,,EMDE,EMDE,,LLDC,Africa,Sub-Saharan Africa,Eastern Africa,0,ZW,716,ZWE,Global South,non-OECD,,Low income
319,Central Asia and Eastern Europe,Central Asia and Eastern Europe,Central Asia and Eastern Europe,,,Transregional,,Transregional,,Europe and Central Asia,,Eastern Europe and West-Central Asia,Eurasia,,,Transregional,,,,,,,,,,Unknown,Transregional,,Transregional
320,East Asia and Pacific,East Asia and Pacific,East Asia and Pacific,,,Transregional,,Transregional,,East Asia and Pacific,developing,Asia and developing Pacific,South-East Asia and developing Pacific,,EMDE,Transregional,,,,,,,,,,Unknown,Transregional,,Transregional
321,Latin America & Caribbean,Latin America & Caribbean,Central America & Caribbean,,,Transregional,,Transregional,,Latin America and the Caribbean,developing,Latin America and Caribbean,Latin America and Caribbean,,EMDE,Transregional,,,,,,,,,,Unknown,Transregional,,Transregional
322,Middle East and North Africa,Middle East and North Africa,Middle East and North Africa,,,non-OECD,,Transregional,,Middle East and North Africa,developing,0,0,,EMDE,Transregional,,,,,,,,,,Unknown,non-OECD,,Transregional
323,Other Oceania,Other Oceania,Other Oceania,,,Transregional,,Transregional,,East Asia and Pacific,,,,,,Transregional,,,,,,,,,,Unknown,Transregional,,Transregional
324,South Asia,South Asia,South Asia,,,non-OECD,,Transregional,,South Asia,developing,Asia and developing Pacific,Southern Asia,,EMDE,Transregional,,,,,,,,,,Unknown,non-OECD,,Transregional
325,Sub-Saharan Africa,Sub-Saharan Africa,Sub-Saharan Africa,,,non-OECD,,Transregional,,Sub-Saharan Africa,ldc,Africa,Africa,,EMDE,Transregional,,,,,,,,,,Unknown,non-OECD,,Transregional
326,Transregional,Transregional,Transregional,Transregional - South America,,Transregional,,Transregional,,Transregional,,0,0,,,Transregional,,,,,,,,,,Unknown,Transregional,,Transregional
327,US & Canada,US & Canada,North America,,,OECD,,High income,,North America,developed,,,,Developed,Transregional,,,,,,,,,,Global North,OECD,,High income
328,Western Europe,Western Europe,Western Europe,,,OECD,,Transregional,,Europe and Central Asia,developed,,,,Developed,Transregional,,,,,,,,,,Global North,OECD,,Transregional
329,Unspecified/Latin America & Caribbean,Latin America & Caribbean,South America,,,Transregional,,Transregional,,Latin America and the Caribbean,developing,Latin America and Caribbean,Latin America and Caribbean,,EMDE,Transregional,,,,,,,,,,Unknown,Transregional,,Transregional
330,Development Bank of Latin America,Latin America & Caribbean,South America,,,Transregional,,Transregional,,Latin America and the Caribbean,,,,,,,,,,,,,,,,Unknown,,,
331,Council of Europe Development Bank,Transregional,Transregional,Transregional - Europe,,Check ownership,,Transregional,,Europe and Central Asia,,,,,,,,,,,,,,,,Unknown,,,
332,Food and Agriculture Organisation,Transregional,Transregional,Transregional,,Transregional,,Transregional,,Transregional,,,,,,,,,,,,,,,,Unknown,,,
333,United Nations Development Programme,Transregional,Transregional,Transregional,,Transregional,,Transregional,,Transregional,,,,,,,,,,,,,,,,Unknown,,,
334,Region mapping unknown,Region mapping unknown,Region mapping unknown,Region mapping unknown,,Region mapping unknown,,Region mapping unknown,,Region mapping unknown,,0,0,,,Transregional,,,,,,,,,,Unknown,,,
335,United Nations Foundation,Transregional,Transregional,,,Transregional,,Transregional,,Transregional,,,,,,,,,,,,,,,,Unknown,,,
336,Other,Transregional,Transregional,,,Transregional,,Transregional,,Transregional,,,,,,Transregional,,,,,,,,,,Unknown,,,
337,South Georgia and the South Sandwich Islands,Latin America & Caribbean,Latin America & Caribbean,,2024,OECD,,,,,,,,,,Advanced,,,,,,,,,,Global North,,,
