Country,City,Trainset,Trains,Cars,Train length,Length,Decks,Seats,Top speed,Voltage,Power source,Contract year,Start year,End year,Maintenance,Manufacturer,Currency,Cost,PPP rate,Inflation index,Real cost,Cost/car,Cost/meter,Reference,Metro,,,
SG,Singapore,R151 (base),66,396,138,9108,1,,90,750 V,Third rail,2018,2023,2026,0,Bombardier,SGD,"827,000,000",1,1,827000000,2088383.838,90799.29732,https://www.railwaygazette.com/bombardier-to-supply-396-metro-cars-to-singapore/46863.article,Metro,,,
KR,Busan,Class 1000,48,384,140,6720,1,,80,1500 V,Catenary,2018,2018,2020,0,Hyundai Rotem,KRW,"556,000,000,000",0.00118,1.192,782047360,2036581.667,116376.0952,https://www.railwaygazette.com/modes/busan-metro-train-contract-awarded/47150.article,Metro,,,
FI,Helsinki,Class M300,20,80,88,1760,1,228,80,750 V,Third rail,2012,2014,2016,0,CAF,EUR,"140,400,000",1.32,1.284,237961152,2974514.4,135205.2,https://www.railwaygazette.com/caf-selected-for-helsinki-metro-train-contract/37411.article,Metro,,,
FI,Helsinki,Class M300 (expansion),5,20,88,440,1,228,80,750 V,Third rail,2020,2022,2022,40,CAF,EUR,"39,900,000",1.45,1.064,61557720,3077886,139903.9091,https://www.railwaygazette.com/helsinki-metro-fleet-expansion-and-cab-modifications-agreed/55721.article,Metro,,,
SE,Stockholm,C30 (base),96,384,70,6720,1,140,90,750 V,Third rail,2013,2018,2022,0,Bombardier,SEK,"5,100,000,000",0.116,1.214,718202400,1870318.75,106875.3571,http://web.archive.org/web/20211026145130/https://bombardier.com/en/media/news/bombardier-wins-order-supply-new-generation-movia-metro-fleet-stockholm,Metro,,,
NO,Oslo,Type 77,200,1200,107.5,21500,1,294,160,15000 V,Catenary,2022,2023,2025,0,Alstom,EUR,"1,800,000,000",1.45,1,2610000000,2175000,121395.3488,https://www.railvolution.net/news/coradia-nordic-emus-for-norske-tog,Metro,Chat GPT,,
DK,National,ES/IC5,100,500,109.4,10940,1,300,200,25000 V,Catenary,2021,2024,,15,Alstom,EUR,"2,600,000,000",1.45,1,3770000000,7540000,344606.947,https://www.alstom.com/press-releases-news/2024/6/alstom-and-dsb-receive-prestigious-red-dot-award-2024-design-ic5-coradia-stream-regional-train,Commuter/Regional Rail,https://rollingstockworld.com/passenger-cars/alstom-to-certify-first-ic5-for-denmark/,,
ES,Madrid,Lines 6 and 8 (10000 Series?),40,240,115,4600,1,,110,600/1500 V,Catenary,2024,2024,2027,0,CAF,EUR,"400,000,000",1.45,1,580000000,2416666.667,126086.9565,https://www.railwaygazette.com/metros/madrid-metro-line-6-to-go-driverless/66912.article,Metro,,,
ES,Barcelona,FGC airport Coradia Streams,10,50,110,1100,1,209,120,3000 V,Catenary,2024,,,15,Alstom,EUR,"177,000,000",1.45,1,256650000,5133000,233318.1818,https://www.alstom.com/press-releases-news/2024/11/alstom-unveils-design-new-coradia-stream-train-fgc-barcelona-airport-connection,Metro,https://www.railway-technology.com/news/alstom-coradia-stream-train-fgc/,,
IT,Rome,Tram renewal,121,121,33.5,4053.5,1,68,70,600 V,Catenary,2023,,,0,CAF,EUR,"457,000,000",1.45,1,662650000,5476446.281,163476.0084,https://www.railwaygazette.com/light-rail-and-tram/caf-selected-to-renew-roma-tram-fleet/65108.article,Light Rail,,,
IT,Rome,MB400,15,90,108,1620,1,220,90,1500 V,Catenary,2012,2014,2018?,5,CAF,EUR,"113,000,000",1.37,1.2,185772000,2064133.333,114674.0741,https://www.railwaygazette.com/caf-signs-roma-metro-train-contract/37438.article,Metro,,,
IT,Rome,New MA/MB trains,30,180,106,3180,1,,80,1500 V,Catenary,2024,2025,2026,0,Hitachi,EUR,"264,000,000",1.45,1,382800000,2126666.667,120377.3585,https://www.railjournal.com/fleet/rome-signs-framework-agreement-for-30-hitachi-metro-trains/,Metro,,,
IT,Milan,Leonardo (first tranche),30,180,107,3210,1,,90,750 V/1500 V,Third rail/catenary,2012,2014,2015,0,Hitachi,EUR,"220,000,000",1.33,1.2,351120000,1950666.667,109383.1776,https://www.ferrovie.it/portale/articoli/3632,Metro,https://www.railwaygazette.com/more-leonardo-metro-trains-ordered-for-milano/42324.article,,
IT,Milan,Leonardo (second tranche),15,90,107,1605,1,,90,750 V/1500 V,Third rail/catenary,2016,2017,2018,0,Hitachi,EUR,"109,000,000",1.39,1.19,180296900,2003298.889,112334.5171,https://www.ferrovie.it/portale/articoli/1955,Metro,https://www.railwaygazette.com/more-leonardo-metro-trains-ordered-for-milano/42324.article,,
IT,Milan,Leonardo (third tranche),15,90,107,1605,1,,90,750 V/1500 V,Third rail/catenary,2017,2018,2019,0,Hitachi,EUR,"106,000,000",1.4,1.17,173628000,1929200,108179.4393,https://www.mynewsdesk.com/uk/hitachi-rail-global/pressreleases/hitachi-rail-italy-wins-contract-worth-106-million-euros-for-additional-15-leonardo-metro-trains-from-atm-1805882,Metro,,,
IT,Milan,Leonardo (fourth tranche),12,72,107,1284,1,,90,750 V/1500 V,Third rail/catenary,2018,2019,2020,0,Hitachi,EUR,"87,000,000",1.44,1.17,146577600,2035800,114157.0093,https://www.ferrovie.it/portale/articoli/7629,Metro,https://www.railwaygazette.com/more-leonardo-metro-trains-ordered-for-milano/42324.article,,
IT,Milan,New M1/M3 stock,46,276,106.5,4899,1,,90,750 V/1500 V,Third rail/catenary,2022,2024,,0,Hitachi,EUR,"368,000,000",1.45,1,533600000,1933333.333,108920.1878,https://www.hitachirail.com/press/#/pressreleases/new-hitachi-rail-trains-for-metro-milan-3215555,Metro,,,
IT,Milan,Series 4400,47,188,51,2397,1,,80,750 V,Third rail,2015,2018?,2022,0,Hitachi,EUR,"250,000,000",1.44,1.17,421200000,2240425.532,175719.6496,https://www.ferrovie.it/portale/leggi.php?id=6334,Metro,Chat GPT,,
AT,Intercity,CityJet FLIRT Akku,120,360,63,7560,1,160,160,15000 V,Catenary,2023,,,0,Stadler,EUR,"1,300,000,000",1.45,1,1885000000,5236111.111,249338.6243,https://www.railvolution.net/news/obb-orders-16-flirt-akku-trains,Commuter/Regional Rail,https://www.railvolution.net/news/obb-orders-16-flirt-akku-trains,,
DE,Berlin,J/JK Class,750,1500,30.3,22725,1,45,70,750 V,Third rail,2020,2022,2035,32,Stadler,EUR,"3,000,000,000",1.45,1,4350000000,2900000,191419.1419,https://www.railvolution.net/news/stadler-will-build-metro-trains-for-berlin,Metro,,,
DE,Berlin,DBAG Class 483/484,191,382,36.8,7028.8,1,94,100,750 V,Third rail,2015,2020,2023,0,Stadler,EUR,"900,000,000",1.43,1.124,1446588000,3786879.581,205808.6729,https://www.tagesspiegel.de/berlin/berlin-schafft-sich-fur-milliarden-euro-eigene-s-bahn-zuge-an-5536141.html,Metro,Chat GPT,,
DE,Berlin,Flexity Berlin (base),99,575,34.6,3425.4,1,63,70,600 V,Catenary,2006,2009,2017,0,Bombardier,EUR,"305,300,000",1.27,1.35,523436850,910324.9565,152810.4309,https://web.archive.org/web/20151226180216/http://www.railwaygazette.com/news/single-view/view/bombardier-signs-berlin-tram-order.html,Light Rail,https://www.sustainable-bus.com/trolleybus-tramway/a-giant-in-berlin-the-new-urbaliner-flexity-tram-by-alstom/,,
DE,Berlin,Flexity Berlin (second option),47,329,40,1880,1,75,70,600 V,Catenary,2015,2015,2017,0,Bombardier,EUR,"176,000,000",1.31,1.3,299728000,911027.3556,159429.7872,https://web.archive.org/web/20151223203147/http://www.railwaygazette.com/news/news/europe/single-view/view/more-flexity-berlin-trams-ordered.html,Light Rail,https://www.sustainable-bus.com/trolleybus-tramway/a-giant-in-berlin-the-new-urbaliner-flexity-tram-by-alstom/,,
DE,Munich,MVG C2 (base),21,126,115.1,2417.1,1,220,90,750 V,Third rail,2010,2013,2015,0,Siemens,EUR,"185,000,000",1.33,1.287,316666350,2513225,131010.8601,https://www.tz.de/muenchen/stadt/muenchner-u-bahn-modernisiert-sich-meta-neu-zr-1002824.html,Metro,Chat GPT,,
DE,Munich,MVG C2 (second option),22,132,115.1,2532.2,1,220,90,750 V,Third rail,2020,2022,2024,0,Siemens,EUR,"250,000,000",1.45,1,362500000,2746212.121,143156.1488,https://www.mvg.de/ueber/presse-print/pressemeldungen/2022/dezember/Neue-U-Bahnen-Erster-C2-neuester-Generation.html,Metro,Chat GPT,,
DE,Munich,Neue XXL-ZÃ¼ge,90,810,202,18180,1,480,160,15000 V,Catenary,2023,2028,2032,0,Siemens,EUR,"2,000,000,000",1.45,1,2900000000,3580246.914,159515.9516,https://www.tz.de/muenchen/stadt/hallo-muenchen/muenchen-sbahn-zukunft-fahrgaeste-zuege-passagiere-puenktlichkeit-fahrzeug-siemens-db-92439541.html,Metro,Chat GPT,,
DE,Mannheim,DBAG Class 463,57,171,70,3990,1,200,160,15000 V,Catenary,2014,2018,2021,0,Siemens,EUR,"270,000,000",1.4,1.19,449820000,2630526.316,112736.8421,https://www.vrn.de/verbund/presse/pressemeldungen/pm/015139/index.html,Commuter/Regional Rail,https://en.wikipedia.org/wiki/List_of_Deutsche_Bahn_AG_locomotives_and_railbuses,,
DE,Hamburg,Class 490 (base),60,180,66,3960,1,190,140,1200 V/15000 V,Third rail/catenary,2013,2014,2020,0,Bombardier,EUR,"327,000,000",1.37,1.249,559539510,3108552.833,141297.8561,https://www.railjournal.com/passenger/commuter-rail/s-bahn-hamburg-receives-final-class-490-delivery/,Commuter/Regional Rail,https://www.railwaygazette.com/modes/first-class-490-emu-arrives-in-hamburg/43350.article,,
DE,Hamburg,Class 490 (new order),64,192,66,4224,1,190,140,1200 V/15000 V,Third rail/catenary,2021,2024,2026,0,Alstom,EUR,"400,000,000",1.45,1,580000000,3020833.333,137310.6061,https://www.railwaygazette.com/traction-and-rolling-stock/hamburg-to-expand-s-bahn-fleet/58717.article,Commuter/Regional Rail,https://www.railwaygazette.com/modes/first-class-490-emu-arrives-in-hamburg/43350.article,,
DE,Hamburg,DT5 (base),66,198,39.6,2613.6,1,96,80,750 V,Third rail,2006,2008,2017,0,Alstom/Bombardier,EUR,"240,000,000",1.3,1.334,416208000,2102060.606,159247.0156,https://web.archive.org/web/20100307133807/http://www.hochbahn.de/wps/portal/de/home/hochbahn/presse/artikeluebersicht/pm_dt5_salzgitter?WCM_PORTLET=PC_7_QI5C5I930GON002FVCDEUT00Q4_WCM&WCM_GLOBAL_CONTEXT=/wps/wcm/connect/de/home/hochbahn/presse/artikeluebersicht/pm_dt5_salzgitter,Metro,Chat GPT,,
DE,Hamburg,DT5 (second option),27,81,39.6,1069.2,1,96,80,750 V,Third rail,2016,2018,2019,0,Alstom/Bombardier,EUR,"100,000,000",1.4,1.213,169820000,2096543.21,158829.0311,https://web.archive.org/web/20161203163401/http://www.railwaygazette.com/news/traction-rolling-stock/single-view/view/world-rolling-stock-market-february-2016.html,Metro,Chat GPT,,
DE,Hamburg,DT5 (fourth option),32,96,39.6,1267.2,1,96,80,750 V,Third rail,2019,2021,2023,0,Alstom/Bombardier,EUR,"186,000,000",1.45,1.186,319864200,3331918.75,252418.0871,https://www.alstom.com/press-releases-news/2019/6/alstom-supply-32-additional-dt5-metros-hamburg,Metro,,,
DE,Hanover,Transdev order,64,192,68,4352,1,180,160,15000 V,Catenary,2018,2020,2024,0,Stadler,EUR,"320,000,000",1.45,1.03,477920000,2489166.667,109816.1765,https://stadlerrail.com/de/media/article/stadler-gewinnt-auftrag-fuer-64-flirt-fuer-die-s-bahn-hannover/168/,Commuter/Regional Rail,"https://www.transdev.com/en/news-en/transdev-germany-train-bahn-hannover-successfully-started-operations-on-december-12/#:~:text=Transdev%20had%20won%20in%20November,the%20history%20of%20Transdev%20Germany.",,
DE,Bremen,Class 3428,16,64,87,1392,1,260,160,15000 V,Catenary,2022,,,0,Stadler,EUR,"100,000,000",1.45,1,145000000,2265625,104166.6667,https://www.nordsee-zeitung.de/bremerhaven/die-neuen-zuege-der-regio-s-bahn-sind-da-83228.html,Commuter/Regional Rail,https://www.nordsee-zeitung.de/bremerhaven/die-neuen-zuege-der-regio-s-bahn-sind-da-83228.html,,
DE,Stuttgart,Class 430,58,232,68.3,3961.4,1,184,140,15000 V,Catenary,2019,2020,2022,0,Alstom/Bombardier,EUR,"421,800,000",1.4,1.17,690908400,2978053.448,174410.158,https://www.railwaygazette.com/modes/extra-stuttgart-s-bahn-emus-will-support-ato-project/47980.article,Light Rail,https://www.railwaygazette.com/modes/extra-stuttgart-s-bahn-emus-will-support-ato-project/47980.article,,
CH,National,RABe 533,286,1056,68.67,19639.62,1,142,160,15000 V,Catenary,2022,2026,2034,0,Stadler,CHF,"2,000,000,000",1.02,1,2040000000,1931818.182,103871.6635,https://www.railvolution.net/news/contract-for-sbb-flirts-signed,Commuter/Regional Rail,https://www.railvolution.net/news/contract-for-sbb-flirts-signed,,
CH,Zurich,SZU S4/S10,17,51,63,1071,1,140,160,1200 V/15000 V,Catenary,2024,2025,2029,0,Stadler,CHF,"160,000,000",1.02,1,163200000,3200000,152380.9524,https://www.bahnonline.ch/69436/szu-flirt-stadler-17-zuege/,Commuter/Regional Rail,https://www.szu.ch/en/our-future-formula/,,
CH,Basel,RABe 532,33,132,73.5,2425.5,1,146,160,15000 V,Catenary,2024,2025,2030,0,Stadler,CHF,"320,000,000",1.02,1,326400000,2472727.273,134570.1917,https://www.railway-technology.com/news/sbb-flirt-trains-france-switzerland-connection/?cf-view,Metro,Chat GPT,,
PL,Warsaw,140-142N,123,575,31.5,3874.5,1,,70,600 V,Catenary,2018,2023,2023,0,Hyundai Rotem,EUR,"429,500,000",1.45,1.214,756048850,1314867.565,195134.5593,https://www.railtech.com/rolling-stock/2019/02/11/hyundai-will-deliver-213-trams-to-warsaw/,Light Rail,https://www.mainspring.co.uk/industry-news/warsaw-s-hyundairotem-fleet-expands/,,
BG,Sofia,"Lines 1, 2, and 4 service increase",8,32,80,640,1,,90,750 V,Third rail,2023,2024,2026,0,Skoda,EUR,"65,000,000",1.45,1,94250000,2945312.5,147265.625,https://railway-news.com/bulgaria-sofia-buys-metro-trains-from-skoda/,Metro,,,
FR,Paris,MF 01 (base),160,800,75.6,12096,1,,70,750 V,Third rail,2001,2006,2013,0,"Alstom, Bombardier, Ansaldo, Technicatom",EUR,"695,000,000",1.25,1.42,1233625000,1542031.25,101986.1938,http://web.archive.org/web/20071027230348/http://www.ratp.fr/common/ressources/822.pdf,Metro,Chat GPT,,
FR,Paris,MF 01 (option),12,60,75.6,907.2,1,,70,750 V,Third rail,2014,2014,2017,0,"Alstom, Bombardier, Ansaldo, Technicatom",EUR,"75,000,000",1.32,1.286,127314000,2121900,140337.3016,https://archive.wikiwix.com/cache/index2.php?url=http%3A%2F%2Fwww.stif.org%2FIMG%2Fpdf%2FSTIF_-_CA_01102014_CP_de_synthese-2.pdf%2Findex.html#federation=archive.wikiwix.com&tab=url,Metro,Chat GPT,,
FR,Paris,MP 05 (base),49,294,90.28,4423.72,1,144,80,750 V,Third rail,2005,2008,2012,0,Alstom,EUR,"474,000,000",1.25,1.397,827722500,2815382.653,187110.0567,https://web.archive.org/web/20061208095141/http://www.ratp.fr/common/ressources/806.pdf,Metro,Chat GPT,,
FR,Paris,MP 14 (M14),35,280,120,4200,1,184,100,750 V,Third rail,2015,2018,2022,0,Alstom,EUR,"518,000,000",1.4,1.177,853560400,3048430,203228.6667,https://www.lesechos.fr/2015/02/grand-paris-express-premier-megacontrat-pour-alstom-198970,Metro,Chat GPT,,
FR,Paris,MP 14 (M4),20,120,90,1800,1,,100,750 V,Third rail,2016,2018,2022,0,Alstom,EUR,"163,000,000",1.4,1.177,268591400,2238261.667,149217.4444,https://www.alstom.com/press-releases-news/2016/12/alstom-to-supply-20-extra-metros-to-the-stif-and-the-ratp,Metro,,,
FR,Paris,MP 14 (M11),19,95,75,1425,1,106,100,750 V,Third rail,2021,,,0,Alstom,EUR,"132,000,000",1.45,1,191400000,2014736.842,134315.7895,https://www.alstom.com/press-releases-news/2021/7/alstom-supply-19-additional-metros-ile-de-france-mobilites-line-11-ile,Metro,,,
FR,Paris,MF 19 (base),44,206,70,3080,1,,100,750 V,Third rail,2019,2022,2027,0,Alstom,EUR,"530,000,000",1.45,1,768500000,3730582.524,249512.987,https://www.alstom.com/press-releases-news/2019/11/alstom-bombardier-consortium-awarded-contract-renew-metros-ile-de,Metro,,,
FR,Paris,MF 19 (first option),103,515,77,7931,1,,100,750 V,Third rail,2024,2027,2030,0,Alstom,EUR,"800,000,000",1.45,1,1160000000,2252427.184,146261.5055,https://www.alstom.com/press-releases-news/2024/3/alstom-receives-additional-order-103-mf19-new-generation-metros-modernise-paris-region-network,Metro,,,
FR,Paris,RER NG,255,1655,120.8,30804,2,,140,"1,500/25,000 V",Catenary,2017,2019,2026,0,"Alstom, Bombarder",EUR,"3,750,000,000",1.45,1.032,5611500000,3390634.441,182167.9003,https://www.railpassion.fr/materiel-actualites-rp/premiers-chaudrons-rer-ng/,Metro,Chat GPT,,
FR,Strasbourg,Citadis (first order),12,12,45,540,1,,80,750 V,Catenary,2014,2014,2016,0,Alstom,EUR,"41,000,000",1.32,1.281,69327720,5777310,128384.6667,https://www.alstom.com/press-releases-news/2014/10/alstom-to-supply-the-city-of-strasbourg-with-12-citadis-trams-,Light Rail,"https://www.alstom.com/press-releases-news/2023/4/alstom-supply-new-trams-strasbourg-eurometropole#:~:text=The%20first%20order%20will%20include,of%20the%20Eurometropole's%20transport%20offer.",,
FR,Strasbourg,Citadis (second order),17,17,45,765,1,,80,750 V,Catenary,2020,2021,2022,0,Alstom,EUR,"52,000,000",1.43,1.12,83283200,4899011.765,108866.9281,https://www.alstom.com/fr/press-releases-news/2020/3/alstom-fournira-17-tramways-citadis-supplementaires-leurometropole-de,Light Rail,"https://www.alstom.com/press-releases-news/2023/4/alstom-supply-new-trams-strasbourg-eurometropole#:~:text=The%20first%20order%20will%20include,of%20the%20Eurometropole's%20transport%20offer.",,
FR,Strasbourg,Citadis (third order),22,22,45,990,1,,80,750 V,Catenary,2023,2023,2025,0,Alstom,EUR,"100,000,000",1.45,1,145000000,6590909.091,146464.6465,https://www.alstom.com/press-releases-news/2023/4/alstom-supply-new-trams-strasbourg-eurometropole,Light Rail,"https://www.alstom.com/press-releases-news/2023/4/alstom-supply-new-trams-strasbourg-eurometropole#:~:text=The%20first%20order%20will%20include,of%20the%20Eurometropole's%20transport%20offer.",,
LU,Luxembourg,Urbos (first order),21,21,45,945,1,,70,750 V,Catenary/cat-free,2015,2016,2017,0,CAF,EUR,"83,000,000",1.37,1.27,144411700,6876747.619,152816.6138,https://www.railjournal.com/passenger/light-rail/caf-delivers-first-luxembourg-tram/,Light Rail,https://www.railjournal.com/passenger/light-rail/luxembourg-tram-design-revealed/,,
LU,Luxembourg,Urbos (second order),12,12,45,540,1,,70,750 V,Catenary/cat-free,2018,,,0,CAF,EUR,"40,000,000",1.4,1.213,67928000,5660666.667,125792.5926,https://www.railway-technology.com/news/caf-group-wins-new-tram-contracts-worth-e100m/?cf-view,Light Rail,https://www.railjournal.com/passenger/light-rail/luxembourg-tram-design-revealed/,,
US,LIRR,"M7 (base, LIRR)",326,326,25.9,8443.4,1,,160,750 V,Third rail,1999,2002,2004,0,Bombardier,USD,"700,000,000",1,1.662,1163400000,3568711.656,137788.0948,https://www.railwaygazette.com/news/lirr-commissions-first-m7-cars/25812.article,Commuter/Regional Rail,https://train-sim-world.fandom.com/wiki/LIRR_Commuter,,
US,LIRR,"M7 (first option, LIRR)",352,352,25.9,9116.8,1,,160,750 V,Third rail,2002,2005,2007,0,Bombardier,USD,"640,000,000",1,1.502,961280000,2730909.091,105440.5054,https://libn.com/2002/05/17/lirr-inks-deal-for-additional-cars/,Commuter/Regional Rail,https://train-sim-world.fandom.com/wiki/LIRR_Commuter,,
US,LIRR,M9 (base),92,92,25.9,2382.8,1,,160,750 V,Third rail,2013,2016,2021,0,Kawasaki,USD,"363,700,000",1,1.21,440077000,4783445.652,184689.0213,https://www.osc.ny.gov/state-agencies/audits/2023/12/06/rolling-stock-programs-department-selected-aspects-m9-rail-car-project-management-follow,Commuter/Regional Rail,https://train-sim-world.fandom.com/wiki/LIRR_Commuter,,
US,LIRR,M9 (first option),110,110,25.9,2849,1,,160,750 V,Third rail,2017,2019,2024,0,Kawasaki,USD,"368,800,000",1,1.12,413056000,3755054.545,144982.801,https://www.osc.ny.gov/state-agencies/audits/2023/12/06/rolling-stock-programs-department-selected-aspects-m9-rail-car-project-management-follow,Commuter/Regional Rail,https://train-sim-world.fandom.com/wiki/LIRR_Commuter,,
US,Metro-North,M8 (base and first option),380,380,25.9,9842,1,,160,"750/11,000 V",Third rail/catenary,2006,2009,2015,0,Kawasaki,USD,"760,300,000",1,1.334,1014240200,2669053.158,103052.2455,https://portal.ct.gov/-/media/dot/documents/dpolicy/mtp/2009mtppdf.pdf,Commuter/Regional Rail,https://en.wikipedia.org/wiki/M8_(railcar),,
US,Metro-North,M8 (third option),60,60,25.9,1554,1,,160,"750/11,000 V",Third rail/catenary,2016,2019,2021,0,Kawasaki,USD,"231,000,000",1,1.118,258258000,4304300,166189.1892,https://www.nhregister.com/connecticut/article/Metro-North-to-get-60-new-train-cars-including-11325421.php,Commuter/Regional Rail,https://en.wikipedia.org/wiki/M8_(railcar),,
US,New York,R142/142A (base),108,1080,156.5,16902,1,,110,625 V,Third rail,1997,2000,2003,0,"Bombardier, Kawasaki",USD,"1,450,000,000",1,1.721,2495450000,2310601.852,147642.2909,https://web.archive.org/web/19970614000019/http://www.mta.nyc.ny.us/mta/html/97prapr.htm,Metro,Chat GPT,,
US,New York,R160 (base),660,660,18.35,12111,1,43,89,600 V,Third rail,2002,2005,2008,0,"Alstom, Kawasaki",USD,"961,687,121",1,1.511,1453109240,2201680.666,119982.5976,https://www.nycsubway.org/wiki/New_Technology_Trains_-_B_Division,Metro,,,
US,New York,R160 (first option),620,620,18.35,11377,1,43,89,600 V,Third rail,2007,2008,2010,0,"Alstom, Kawasaki",USD,"1,100,000,000",1,1.42,1562000000,2519354.839,137294.5416,https://www.nycsubway.org/wiki/New_Technology_Trains_-_B_Division,Metro,,,
US,New York,R160 (second option),382,382,18.35,7009.7,1,43,89,600 V,Third rail,2007,2008,2010,0,"Alstom, Kawasaki",USD,"843,100,000",1,1.42,1197202000,3134036.649,170792.188,http://web.mta.info/mta/budget/pdf/2008-2013%20Capital%20Plan.pdf,Metro,Chat GPT,,
US,New York,R179,318,318,18.4,5851.2,1,42,106,600 V,Third rail,2012,2016,2019,0,Bombardier,USD,"735,560,000",1,1.243,914301080,2875160.629,156258.7298,http://web.mta.info/mta/budget/july2015/MTA_2016_Prelim_Budget_Financial_Plan2016-2019_Vol2.pdf,Metro,Chat GPT,,
US,New York,R211 (base),53.5,535,183.5,9817.25,1,30,106,600 V,Third rail,2018,2019,2023,0,Kawasaki,USD,"1,444,997,948",1,1.124,1624177694,3035846.156,165441.2074,https://jobstomoveamerica.org/wp-content/uploads/2020/01/MTA-Kawasaki-Contract-R34211.pdf#page=70,Metro,Chat GPT,,
US,New York,R211 (first option),64,640,183.5,11744,1,30,106,600 V,Third rail,2019,2022,2026,0,Kawasaki,USD,"1,922,300,000",1,1,1922300000,3003593.75,163683.5831,https://new.mta.info/document/114171#page=105,Metro,Chat GPT,,
US,New York,R211 (second option),43.7,437,183.5,8018.95,1,30,106,600 V,Third rail,2024,,,0,Kawasaki,USD,"1,355,400,000",1,1,1355400000,3101601.831,169024.6229,https://new.mta.info/document/114171#page=105,Metro,Chat GPT,,
US,Philadelphia,M5 (base),200,200,16.92,3384,1,,,700 V,Third rail,2024,2027,2033,0,Hitachi,USD,"724,309,956",1,1,724309956,3621549.78,214039.5851,https://www.railwaygazette.com/metros/hitachi-rail-awarded-philadelphia-metro-train-contract/67000.article,Metro,,,
US,Philadelphia,M5 (options),40,40,16.92,676.8,1,,,700 V,Third rail,2024,2027,2033,0,Hitachi,USD,"123,065,640",1,1,123065640,3076641,181834.5745,https://www.railwaygazette.com/metros/hitachi-rail-awarded-philadelphia-metro-train-contract/67000.article,Metro,,,
US,Chicago,Metra FLIRT Akku,8,16,52,416,1,112,127,Hybrid,Hybrid,2024,2027,2033,,Stadler USA,USD,"101,080,000",1,1,101080000,6317500,242980.7692,https://metra.com/sites/default/files/2024-02/4%20IV%20C%20-%20Procurement%20Approving%20Zero%20Emissions%20Train%20Sets.pdf,Commuter/Regional Rail,https://metra.com/newsroom/metra-buying-battery-powered-trainsets,,
US,Fort Worth,TEXRail FLIRT3s,8,32,74,592,1,229,120,Hybrid,Hybrid,2015,2017,2019,10,Stadler USA,USD,"106,700,000",1,,,,,"https://ridetrinitymetro.org/wp-content/uploads/2022/06/ReferenceGuide_Final_UPDATED-June-24-2022.pdf
https://ridetrinitymetro.org/the-t-and-stadler-sign-contract-for-tex-rail-vehicles-in-fort-worth/",Commuter/Regional Rail,https://www.trains.com/trn/news-reviews/news-wire/texrail-orders-more-stadler-trainsets/,,
US,Dallas,Silver Line FLIRT3s,8,32,74,592,1,229,120,Hybrid,Hybrid,2019,2021,2024,0,Stadler USA,USD,"119,000,000",1,,,,,"https://www.metro-magazine.com/10031374/stadler-secures-contract-to-build-8-flirt-trains-for-texas
https://texasrailadvocates.org/2021/07/14/dart-silver-line-revenue-service-start-pushed-back-to-2024/",Metro,,,
US,San Bernardino,Arrow FLIRT3s,3,6,43,129,1,116,127,Hybrid,Hybrid,2017,2019,2022,0,Stadler USA,USD,"31,400,000",1,,,,,"https://www.gosbcta.com/wp-content/uploads/2019/08/0717board-item32rev.pdf
https://www.redlandsdailyfacts.com/2017/07/28/redlands-takes-next-step-in-bringing-passenger-rail-service-to-city/",Commuter/Regional Rail,https://railcolornews.com/2022/10/30/us-arrow-service-in-california-with-flirt-units-launched/,,
US,Caltrain,Caltrain Stadler KISS,16,96,150,2400,2,665,185,AC 25KV,Catenary,2016,2022,2024,0,Stadler USA,USD,"551,000,000",1,1,551000000,5739583.333,229583.3333,"https://rollingstockworld.com/passenger-cars/caltrain-introduces-the-kiss-double-deck-emus-by-stadler-for-california/#:~:text=The%20contract%20for%20the%20delivery,the%20rest%20of%20the%20option.
https://caltrain-hsr.blogspot.com/2016/09/emu-brochure.html",Commuter/Regional Rail,https://rollingstockworld.com/passenger-cars/california-launches-first-double-deck-stadler-kiss-emus/,,
US,Caltrain,"Caltrain Stadler KISS
Option Exercise 1",6,36,150,900,2,665,185,AC 25KV,Catenary,2018,2022,2024,0,Stadler USA,USD,"174,600,000",1,1,174600000,4850000,194000,"https://rollingstockworld.com/passenger-cars/caltrain-introduces-the-kiss-double-deck-emus-by-stadler-for-california/#:~:text=The%20contract%20for%20the%20delivery,the%20rest%20of%20the%20option.
https://www.railjournal.com/regions/north-america/caltrain-increases-stadler-emu-order/
https://caltrain-hsr.blogspot.com/2016/09/emu-brochure.html",Commuter/Regional Rail,https://rollingstockworld.com/passenger-cars/california-launches-first-double-deck-stadler-kiss-emus/,,
US,Caltrain,"Caltrain Stadler KISS
Option Exercise 2",6,36,150,900,2,665,185,AC 25KV,Catenary,2024,2026,2028,0,Stadler USA,USD,,,,,,,"https://www.caltrain.com/media/30254/download
https://caltrain-hsr.blogspot.com/2016/09/emu-brochure.html",Commuter/Regional Rail,https://rollingstockworld.com/passenger-cars/california-launches-first-double-deck-stadler-kiss-emus/,,
US,CalSTA,Hydrogen FLIRTS,10,20,43,430,1,116,130,Hydrogen,Hydrogen,2023,2026,2026,0,Stadler USA,USD,"207,000,000",1,1,207000000,10350000,481395.3488,"https://www.govtech.com/transportation/can-hydrogen-trains-revolutionize-american-travel#:~:text=So%20far%2C%20hydrogen%20has%20been,state's%20three%20main%20intercity%20routes.",Commuter/Regional Rail,https://www.railway-technology.com/news/california-six-more-hydrogen-trains-stadler/,,
US,CalSTA,Hydrogen FLIRTS,6,12,43,258,1,116,130,Hydrogen,Hydrogen,2024,2027,2026,0,Stadler USA,USD,"127,000,000",1,1,127000000,10583333.33,492248.062,https://dot.ca.gov/news-releases/news-release-2024-007,Commuter/Regional Rail,https://www.railway-technology.com/news/california-six-more-hydrogen-trains-stadler/,,
US,San Francisco BART,D and E Series,775,775,21,16275,1,54,130,DC 700 V,Third rail,2012,2016,2024,0,Bombardier,USD,"2,190,000,000",1,1.22,2671800000,3447483.871,164165.8986,https://www.bart.gov/news/articles/2024/news20240110-1,Metro,Chat GPT,,
US,San Francisco Muni,LRV 4 (base),175,175,23,4025,1,,89,DC 600 V,Catenary,2014,2015,2025,0,Siemens,USD,"648,000,000",1,1.214,786672000,4495268.571,195446.4596,https://www.metro-magazine.com/10037435/san-francisco-purchasing-an-additional-40-siemens-railcars,Metro,,,
US,San Francisco Muni,LRV 4 (first option),40,40,23,920,1,,89,DC 600 V,Catenary,2015,2015,2025,0,Siemens,USD,"210,000,000",1,1.214,254940000,6373500,277108.6957,https://www.metro-magazine.com/10037435/san-francisco-purchasing-an-additional-40-siemens-railcars,Metro,,,
US,Los Angeles,P3010,235,235,27.1,6368.5,1,,104,DC 750 V,Catenary,2012,2013,2021,0,Kinki Sharyo,USD,"1,020,000,000",1,1.285,1310700000,5577446.809,205809.8453,https://web.archive.org/web/20210113201852/https://thesource.metro.net/2021/01/12/metro-receives-final-p3010-light-rail-vehicle/,Metro,,,
UK,London,Class 700,115,1140,200.5,23057.5,1,541,160,DC 750V / AC25 kV,Third rail/catenary,2013,2014,2018,30,Siemens,GBP,"1,600,000,000",1.45,1.27,2946400000,2584561.404,127784.8856,https://www.railway-technology.com/projects/desiro-city-siemens-london-rolling-stock/?cf-view,Light Rail,Metro light rail,,
UK,London,2024 Stock,94,846,113.7,10687.8,1,268,100,DC 750 V,Third rail,2018,2022,2025,40,Siemens,GBP,"1,500,000,000",1.54,1,2310000000,2730496.454,216134.2839,https://www.railwaygazette.com/modes/siemens-signs-15bn-london-underground-train-contract/47575.article,Metro,Chat GPT,,
UK,London,S Stock,192,1403,122.4,23500.8,1,,100,DC 750 V,Third rail,2003,2008,2017,0,Bombardier,GBP,"1,500,000,000",1.43,1.33,2852850000,2033392.73,121393.7398,https://www.bbc.com/news/uk-england-london-10835655,Metro,Chat GPT,,
CA,Montreal,Siemens Chargers,10,10,22,220,1,/,200,Hybrid,Hybrid,2022,,,,Siemens,CAD,"132,000,000",1.21,1,159720000,15972000,726000,"https://financialpost.com/pmn/press-releases-pmn/business-wire-news-releases-pmn/siemens-mobility-to-modernize-montreals-exo-train-fleet-with-sustainable-locomotives
https://web.archive.org/web/20240714234259/https://assets.new.siemens.com/siemens/assets/api/uuid:1ddf8215-f5a2-4bf4-abd7-6d6118db7718/Charger-Brochure.pdf
https://www.railwaygazette.com/traction-and-rolling-stock/charger-locos-ordered-for-montreal-commuter-services/60828.article",Commuter/Regional Rail,https://en.wikipedia.org/wiki/Siemens_Charger,,
CA,Montreal,REM,106,212,76.2,8077.2,2,128,100,DC 1500V,Catenary,2018,2022,2023,30,"Alstom Canada, SNC Lavalin",CAD,"2,800,000,000",0.82,1.06,2433760000,11480000,301312.336,"https://www.railwaygazette.com/metros/montreals-rem-automated-light-metro-opens/64616.article#:~:text=The%20two%20main%20contracts%20for,of%20Alstom%20and%20SNC%2DLavalin.
https://rem.info/en/rolling-stock
https://www.alstom.com/press-releases-news/2018/4/alstom-led-consortium-to-provide-complete-driverless-light-metro-system-for-montreal",Metro,,,
CA,Montreal,"EXO ""2050"" Bilevel",11,44,104,1144,2,147,80,/,/,2018,2022,2024,0,CRRC Tangshan,CAD,"196,000,000",1.21,1,237160000,5390000,207307.6923,"https://railroad.net/rtm-orders-44-crrc-coaches-for-exo-t173944.html
https://www.railwaygazette.com/traction-and-rolling-stock/montreal-increases-crrc-coach-order/48387.article
https://tam-america.com/article/exo-advances-accessibility-development-plan-with-new-crrc-bi-level-railcars-in-montrea",Commuter/Regional Rail,https://www.masstransitmag.com/rail/vehicles/press-release/55090689/exo-exo-to-place-44-new-2050-railcars-into-service-on-line-12-saint-jerome,,
CA,Ottawa,Stadler FLIRT3,7,28,74,518,,,120,Hybrid,Hybrid,2019,2021,2023,0,Stadler North America,CAD,"106,000,000",,,,,,https://stadlerrail.com/en/media/article/stadler-wins-first-contract-for-multiple-unit-trains-in-canada/432/,Commuter/Regional Rail,https://www.railfans.ca/behind-the-scenes/introducing-the-stadler-flirt-oc-transpos-newest-o-train-from-switzerland,,
CA,Ottawa,Alstom Citadis Spirit,34,102,48.5,1649,1,120,105,DC 750V,Catenary,2013,2017,2019,30,Alstom Canada/USA,CAD,"1,340,000,000",,,,,,"https://web.archive.org/web/20150613042210/http://ottawa.ca/en/residents/transportation-and-parking/oc-transpo-and-public-transit/confederation-line
https://web.archive.org/web/20140718054331/http://www.railwaygazette.com/news/urban/single-view/view/alstom-launches-north-american-light-rail-vehicle-with-ottawa-contract.html
https://web.archive.org/web/20170924182256/http://www.railwayage.com/index.php/passenger/light-rail/alstom-finalizes-ottawa-lrt-contract.html",Light Rail,https://en.wikipedia.org/wiki/Alstom_Citadis_Spirit,,
CA,Ottawa,Alstom Citadis Spirit,38,114,48.5,1843,1,120,105,DC 750V,Catenary,2018,2021,2025,,Alstom Canada/USA,EUR,"200,000,000",,,,,,https://www.railwaygazette.com/projects-and-planning/ottawa-o-train-expansion-approved/48166.article,Light Rail,https://en.wikipedia.org/wiki/Alstom_Citadis_Spirit,,
CA,Toronto,Toronto Rocket (Line 1),39,234,138,5382,1,,80,DC 600V,Third rail,2006,2010,2012,/,Bombardier,CAD,"755,000,000",0.83,1.4,877310000,3749188.034,163008.1754,https://stevemunro.ca/2006/09/03/the-bombardier-subway-cars-how-much-do-they-really-cost/,Metro,Chat GPT,,
CA,Toronto,Toronto Rocket (Line 1/4),31,186,138,4278,1,,80,DC 600V,Third rail,2010,2012,2013,/,Bombardier,CAD,"390,000,000",0.84,1.37,448812000,2412967.742,104911.641,"https://web.archive.org/web/20120617015350/http://www3.ttc.ca/About_the_TTC/Commission_reports_and_information/Commission_meetings/2010/May_6_2010/Reports/Purchase_31_Addition.pdf
https://www.reuters.com/article/business/bombardier-gets-c-390-mln-toronto-subway-car-order-idUSN13270158/",Metro,Chat GPT,,
CA,Toronto,Toronto Rocket (Line 1),10,60,138,1380,1,,80,DC 600V,Third rail,2014,2016,2017,/,Bombardier,CAD,"216,788,870",0.813,1.31,230886650.2,3848110.837,167309.1668,https://web.archive.org/web/20160304203942/http://www.ttc.ca/About_the_TTC/Commission_reports_and_information/Commission_meetings/2014/March_26/Reports/PAA_Purchase_10_additional_Toronto_Rocket_Train_Sets.pdf,Metro,Chat GPT,,
CA,Toronto,Toronto Rocket (Line 2),55,330,138,7590,1,,80,DC 600V,Third rail,2024,2028,2029,/,Alstom Canada (Bombardier),CAD,"2,274,000,000",0.83,1,1887420000,5719454.545,248671.9368,https://cdn.ttc.ca/-/media/Project/TTC/DevProto/Documents/Home/Public-Meetings/Board/2024/September-24/5_Line_2_Modernization_Next_Steps_on_New_Subway_Train_Procurement_and_ATC.pdf?rev=bc5aae8515f84f939cff84df6d98cab6&hash=A828DDA928C4D94D71400F7110FE1694,Metro,Chat GPT,,
CA,Toronto,Ontario Line (Line 3) ,,,,0,,,,,Catenary,,,,,Hitachi,,,,,,,,,Metro,Chat GPT,,
CA,Toronto,Eglinton Crosstown (Line 5),76,76,31,2356,1,,80,DC 750 V,Catenary,2017,2019,2026,/,Bombardier (Pre-Merger),CAD,"392,000,000",1.21,1.24,588156800,7738905.263,249642.1053,https://www.thestar.com/news/gta/metrolinx-cuts-bombardier-vehicle-order-by-more-than-half/article_2c4a9237-8989-5571-9d8c-d22d0c8e78fc.html,Metro,,,
CA,Toronto,Finch West LRT (Line 6) ,61,61,48,2928,1,,80,DC 750 V,Catenary,2017,2021,2025,/,Alstom Canada ,USD,"355,000,000",1,1.24,440200000,7216393.443,150341.5301, https://www.alstom.com/press-releases-news/2017/5/alstom-receives-order-for-61-citadis-spirit-light-rail-vehicles-for-greater-toronto-and-hamilton-area,Light Rail,,,
CA,Vancouver,Hyundai Rotem (Canada Line),12,24,41,492,1,,80,DC 750 V,Third rail,2018,2019,2020,0,Hyundai Rotem,CAD,"88,000,000",0.82,1.191,85942560,3580940,174680,https://web.archive.org/web/20190807225718/https://www.translink.ca/About-Us/Media/2018/February/TransLink-accelerating-delivery-of-new-SkyTrain-cars.aspx,Light Rail,https://web.archive.org/web/20190807225718/https://www.translink.ca/About-Us/Media/2018/February/TransLink-accelerating-delivery-of-new-SkyTrain-cars.aspx,,
CA,Vancouver,Mark III (accelerated order),14,56,68,952,1,,80,DC 650 V,Linear induction,2018,2018,2020,0,Bombardier,CAD,"210,000,000",0.82,1.191,205090200,3662325,215430.8824,https://web.archive.org/web/20190807225718/https://www.translink.ca/About-Us/Media/2018/February/TransLink-accelerating-delivery-of-new-SkyTrain-cars.aspx,Metro,Chat GPT,,
CA,Vancouver,Mark V (base order),41,205,80,3280,1,,80,DC 650 V,Linear induction,2020,2022,2027,0,Alstom,CAD,"723,000,000",0.86,1,621780000,3033073.171,189567.0732,https://dailyhive.com/vancouver/translink-new-skytrain-cars-bombardier-alstom,Metro,Chat GPT,,
CA,Vancouver,Mark V (option),6,30,80,480,1,,80,DC 650 V,Linear induction,2024,,,,Alstom,CAD,"123,000,000",0.86,1,105780000,3526000,220375,https://dailyhive.com/vancouver/translink-mark-v-skytrain-car-trains-additional-order,Metro,Chat GPT,,
CN,Shenzhen,Line 5,39,234,138,5382,1,,80,DC 1500V,Catenary,2023,2025,2026,/,CRRC Changchun,CNY,"1,720,087,200",0.251,1,431741887.2,1845050.8,80219.6,https://www.sohu.com/a/735513861_180330,Metro,,,
CN,Shenzhen,Line 16,12,72,138,1656,1,,80,DC 1500V,Catenary,2023,2024,2025,/,CRRC Zhuzhou,CNY,"632,743,200",0.251,1,158818543.2,2205813.1,95904.91739,https://www.sohu.com/a/735513861_180330,Metro,,,
CN,Shenzhen,Line 3,22,132,118,2596,1,,80,DC 1500V,Catenary,2023,2024,2026,/,CRRC Puzhen,CNY,"879,912,000",0.251,1,220857912,1673166,85076.23729,"https://cg.shenzhenmc.com/zzbgg/39276.jhtml
https://cg.shenzhenmc.com/zzbjggs/41140.jhtml
https://mp.weixin.qq.com/s/3NLQqZxyxnaEpzXNFJvFPw",Metro,,,
CN,Shenzhen,Line 11,40,320,185.6,7424,1,,120,DC 1500V,Catenary,2023,2024,2026,/,CRRC Changchun,CNY,"2,552,960,000",0.251,1,640792960,2002478,86313.7069,https://cg.shenzhenmc.com/zzbjggs/38443.jhtml,Metro,,,
CN,Shenzhen,Line 12,20,120,138,2760,1,,80,DC 1500V,Catenary,2023,2025,2027,/,CRRC Puzhen,CNY,"1,031,101,200",0.251,1,258806401.2,2156720.01,93770.43522,https://www.sohu.com/a/743540366_180330,Metro,,,
CN,Shenzhen,Line 13,19,152,185.6,3526.4,1,,100,DC 1500V,Catenary,2021,2023,2024,/,CRRC Sifang,CNY,"1,348,316,000",0.239,1,322247524,2120049.5,91381.44397,https://mp.weixin.qq.com/s/vIKkXyCddZxjvqWiEtCahg,Metro,,,
CN,Shenzhen,Line 14,44,264,185.6,8166.4,1,,120,DC 1500V,Catenary,2020,2021,2022,/,CRRC Changchun,CNY,,,,,,,,Metro,,,
CN,Shenzhen,Line 6,9,54,118,1062,1,,80,DC 1500V,Catenary,2021,2023,2023,/,CRRC Puzhen,CNY,"442,530,000",0.239,1,105764670,1958605,99590.08475,"https://mp.weixin.qq.com/s/0_IWNFD0-u3R_qwdUig-uQ
https://mp.weixin.qq.com/s/_07zcnNAjoADCYv_rAv-QA",Metro,,,
CN,Metro Bay,CRH-6 Series,7,28,202,1414,1,,200,AC 25KV,Catenary,2023,2025,2025,/,CRRC Puzhen,CNY,"469,343,805",0.251,1,117805295.1,4207331.966,83313.50428,https://www.szggzy.com/jygg/details.html?contentId=2004332,Commuter/Regional Rail,https://en.wikipedia.org/wiki/China_Railway_CRH6,,
CN,Metro Bay,CRH-6 Series,,,202,0,1,,200,AC 25KV,Catenary,2023,2025,2025,,"IN RFP, cost estimation",CNY,"192,000,000",,,,,,https://mp.weixin.qq.com/s/FBEFDoVhHN1bQ8jgKkfkFg,Commuter/Regional Rail,https://en.wikipedia.org/wiki/China_Railway_CRH6,,
CN,Metro Bay,CRH-6 Series,24,192,202,4848,1,,200,AC 25KV,Catenary,2023,2025,2025,,"IN RFP, Cost in total cacluation",CNY,"6,007,000,000",,,,,,https://mp.weixin.qq.com/s/cE43zJOiyAUXePXQRa1TOQ,Commuter/Regional Rail,https://en.wikipedia.org/wiki/China_Railway_CRH6,,
CN,Metro Bay,CRH-6 Series,13,52,101,1313,1,,200,AC 25KV,Catenary,2023,2025,2025,,"IN RFP, Cost in total calculation",CNY,"6,007,000,000",,,,,,https://mp.weixin.qq.com/s/cE43zJOiyAUXePXQRa1TOQ,Commuter/Regional Rail,https://en.wikipedia.org/wiki/China_Railway_CRH6,,
CN,Ningbo,Line 3,8,48,118,944,1,,80,DC 1500V,Catenary,2022,2023,2024,,CRRC Zhuzhou - Ningbo,CNY,,0.237,1,,,,"https://mp.weixin.qq.com/s/puUQs5onoZ5dGkqmlzavbg
https://mp.weixin.qq.com/s/x7zZ-82O2JvsAP7WV6VUbA",Metro,,,
CN,Ningbo,Line 4 ,36,216,118,4248,1,,80,DC 1500V,Catenary,2017,2020,2021,/,CRRC Zhuzhou - Ningbo,CNY,"1,356,264,000",0.239,1.21,392217986.2,1815824.01,92330.03441,"https://mp.weixin.qq.com/s/kwT-6m-pppjdh7IXMUgSFw
https://mp.weixin.qq.com/s/OHUB4Q8XLY5WYpcnC1Dl7Q",Metro,Chat GPT,,
CN,Ningbo,Line 4 ,3,18,118,354,1,,80,DC 1500V,Catenary,2022,2023,2024,/,CRRC Zhuzhou - Ningbo,,,0.237,1,,,,"https://mp.weixin.qq.com/s/puUQs5onoZ5dGkqmlzavbg
https://mp.weixin.qq.com/s/x7zZ-82O2JvsAP7WV6VUbA",Metro,Chat GPT,,
CN,Ningbo,Line 6,40,240,118,4720,1,,80,DC 1500V,Catenary,2023,2025,2026,/,CRRC Zhuzhou - Ningbo,CNY,"1,909,200,000",0.251,1,479209200,1996705,101527.3729,https://mp.weixin.qq.com/s/3NLQqZxyxnaEpzXNFJvFPw,Metro,Chat GPT,,
CN,Ningbo,Line 7,23,138,118,2714,1,,80,DC 1500V,Catenary,2023,2025,2026,/,CRRC Zhuzhou - Ningbo,CNY,"1,072,260,000",0.251,1,269137260,1950270,99166.27119,https://mp.weixin.qq.com/s/3NLQqZxyxnaEpzXNFJvFPw,Metro,Chat GPT,,
CN,Ningbo,Line 8,37,222,118,4366,1,,80,DC 1500V,Catenary,2023,2025,2026,/,CRRC Zhuzhou - Ningbo,CNY,"1,767,186,600",0.251,1,443563836.6,1998035.3,101595.0153,https://mp.weixin.qq.com/s/3NLQqZxyxnaEpzXNFJvFPw,Metro,Chat GPT,,
CN,Suzhou,Line 2,20,100,95,1900,1,,80,DC 1500V,Catenary,2021,2023,2025,/,CRRC Puzhen,CNY,"625,000,000",0.239,1,149375000,1493750,78618.42105,"https://mp.weixin.qq.com/s/dMutl7mq1HxyeQtxjAAWFw
https://mp.weixin.qq.com/s/fmhfnvUjMF9bUc59tvz0BA
https://mp.weixin.qq.com/s/jIP2sn_2ITgG3iNchOb3YQ",Metro,,,
CN,Suzhou,Line 4,10,60,118,1180,1,,80,DC 1500V,Catenary,2022,2024,2025,/,CRRC Puzhen,CNY,"390,600,000",0.251,1,98040600,1634010,83085.25424,"https://mp.weixin.qq.com/s/ilJQKGl5E4hkT_PRxTpfsw
https://mp.weixin.qq.com/s/khIDVW_qVX5mPhj74wuV_w",Metro,Chat GPT,,
CN,Suzhou,Line 5,50,300,118,5900,1,,80,DC 1500V,Catenary,2018,2019,2021,/,CRRC Puzhen,CNY,"2,272,200,000",0.236,1.21,648849432,2162831.44,109974.48,"https://mp.weixin.qq.com/s/kjgRINqle_RL7XIUvV1F1w
https://mp.weixin.qq.com/s/LiY9s_hC910YiatP6CjxfA",Metro,,,
CN,Suzhou,Line 6,40,240,118,4720,1,,80,DC 1500V,Catenary,2020,2022,2024,,CRRC Puzhen,CNY,"1,809,360,000",0.237,1,428818320,1786743,90851.33898,"https://mp.weixin.qq.com/s/xWaF2jkMK578ygJ0vt5sfA
https://mp.weixin.qq.com/s/7KgvtYZlxXT-ExxgSyNnJw
https://mp.weixin.qq.com/s/Mqvr0KWyINJ5WJkN8R5ysA",Metro,,,
CN,Suzhou,Line 7,66,396,118,7788,1,,80,DC 1500V,Catenary,2021,2023,2024,/,CRRC Puzhen,CNY,"2,480,502,420",0.239,1,592840078.4,1497070.905,76122.24941,"https://mp.weixin.qq.com/s/NpAgNb2J4dbCZygtAatS0A
https://mp.weixin.qq.com/s/U6NSe9rPkSFhEdUSDqdK2w",Metro,,,
CN,Suzhou,Line 8,41,246,118,4838,1,,80,DC 1500V,Catenary,2021,2023,2024,/,CRRC Puzhen,CNY,"1,847,164,800",0.239,1,441472387.2,1794603.2,55061.41757,"https://mp.weixin.qq.com/s/umhf_-2SPDJ0-H-AFSFzbQ
https://mp.weixin.qq.com/s/HYxLsNd2hJRdQDn7Am3YoQ",Metro,,,
CN,Suzhou,Line 11,35,210,118,4130,1,,100,DC 1500V,Catenary,,,,17,,,,,,,,,,Metro,Chat GPT,,
CN,Chongqing,Line 1,12,72,118,1416,1,,100,DC 1500V,Catenary,2021,2022,2023,/,CRRC Changchun,CNY,"452,088,000",0.239,1.07,115612464.2,1605728.67,81647.22051,"http://about.cqjtkt.cn/news/2021526/2021526113456050107.htm
https://mp.weixin.qq.com/s/6P7JkmHvyYJxmcMuqT-NVA",Metro,,,
CN,Chongqing,Line 2 ,7,56,118.6,830.2,1,,80,DC 1500V,Monorail,2021,2022,2023,/,CRRC Changchun,CNY,"507,259,200",0.239,1.07,129721395.2,2316453.486,156253.1862,https://web.archive.org/web/20230728053244/https://www.cqggzy.com/xxhz/014001/014001003/014001003002/20210729/ef8db872-d0f2-412e-a38b-91a17b6de822.html,Metro,Chat GPT,,
CN,Chongqing,Line 4,36,216,115.8,4168.8,1,,100,DC 1500V,Catenary,2021,2021,2022,/,CRRC Changchun,CNY,"1,471,608,000",0.239,1.07,376334313.8,1742288.49,90274.01503,"https://mp.weixin.qq.com/s/GlRqX-ESc8E9gmCX0nz1ng
http://zgazxxw.zgazxxw.com/zbpd/zhongbgg/202101/7277734.php",Metro,,,
CN,Chongqing,Line 5,17,102,115.8,1968.6,1,,100,DC 1500V,Catenary,2021,2022,2023,/,CRRC Changchun,CNY,"549,017,652",0.239,1.07,140400284.1,1376473.374,71319.86394,https://mp.weixin.qq.com/s/SpPzn0uyJNDm56f5COiSOw,Metro,,,
CN,Chongqing,Line 15,34,204,140,4760,1,,160,AC 25KV,Catenary,2023,2025,,2,CRRC Changchun,CNY,"2,362,116,000",0.251,1,592891116,2906329,124556.9571,"https://mp.weixin.qq.com/s/Jb9jn4A8wGqfs_Ct963Yow
https://www.cqrailway.com/contents/56/7270.html",Metro,,,
CN,Chongqing,Line 27,32,192,140,4480,1,,160,AC 25KV,Catenary,2023,2025,,2,CRRC Changchun,CNY,"2,207,808,000",0.251,1,554159808,2886249,123696.3857,"https://mp.weixin.qq.com/s/Jb9jn4A8wGqfs_Ct963Yow
https://www.cqrailway.com/contents/56/7269.html",Metro,,,
CN,Chongqing,Line 24,6,36,115.8,694.8,1,,100,DC 1500V,Catenary,2024,2026,2027,/,In RFP,CNY,"278,100,000",0.251,1,,,,https://mp.weixin.qq.com/s/Rm4RIx8tFCW8TiZpgv1-_w,Metro,,,
CN,Chongqing,Line 24,3,60,57.9,173.7,1,,100,DC 1500V,Catenary,2024,2026,2027,/,In RFP,CNY,"278,100,000",0.251,1,,,,https://mp.weixin.qq.com/s/Rm4RIx8tFCW8TiZpgv1-_w,Metro,,,
CN,Metro Basin,CRH-3A Series,,,,0,,,160,AC 25KV,Catenary,2025,,,,"In Design Stage, Preliminary Cost Estimation",CNY,"223,158,000",0.251,1,,,,Engineering Feasibility Study,Metro,,,
CN,Chongqing,Line Bitong,6,24,140,840,1,,160,AC 25KV,Catenary,2023,2025,/,2,CRRC Changchun,CNY,"236,868,000",0.251,1,59453868,2477244.5,70778.41429,"https://mp.weixin.qq.com/s/t6BjLoJBam8Yzrlpukmnog
https://mp.weixin.qq.com/s/3tA14NNPYEwngyyxfpQCZQ",Metro,Chat GPT,,
CN,Beijing,Line 28,17,102,101,1717,1,,80,DC 750V,Third rail,2023,2026,,/,BSREC,CNY,"1,641,996,000",0.251,1,412140996,4040598,240035.5248,"https://www.163.com/dy/article/HUGEONDH05560QOL.html
https://mp.weixin.qq.com/s/j4gMo62nsBb5k58xpkxthQ",Metro,,,
CN,Beijing,Line 13A,9,54,115,1035,1,,80,DC 750V,Third rail,2023,2026,,/,CRRC Changchun,CNY,"286,578,000",0.251,1,71931078,1332057,69498.62609,"https://www.163.com/dy/article/HMEALU6805560NQQ.html
https://mp.weixin.qq.com/s/pic3_hwbgCwHERSyMAuvhQ",Metro,"https://www.163.com/dy/article/HMEALU6805560NQQ.html
https://mp.weixin.qq.com/s/pic3_hwbgCwHERSyMAuvhQ",,
CN,Beijing,CRH-6 Series,3,24,201,603,1,,160,AC 25KV,Catenary,2024,2026,/,/,CRRC Sifang,CNY,"342,780,000",0.251,1,86037780,3584907.5,142682.8856,https://web.archive.org/web/20250101041947/http://web.archive.org/screenshot/https://ggzyfw.beijing.gov.cn/jyxxzbgg/20241230/4841350.html,Commuter/Regional Rail,https://en.wikipedia.org/wiki/China_Railway_CRH6,,
CN,Shanghai,14A01,49,392,185.6,9094.4,1,,80,DC 1500V,Catenary,2017,2019,2021,/,CRRC Puzhen,CNY,"3,128,000,000",0.239,1.21,904586320,2307618.163,99466.30014,"https://mp.weixin.qq.com/s/iDKw3dDZALzKjHHbLW0tMg
https://mp.weixin.qq.com/s/ZlOlzynTLcUnzaDK0QN9UA
https://mp.weixin.qq.com/s/e_4IypNQBajQNSb7fiyi-Q",Metro,Chat GPT,,
CN,Shanghai,18A01,50,300,138,6900,1,,80,DC 1500V,Catenary,2017,2019,2021,,CRRC Zhuzhou,CNY,"2,484,300,000",0.239,1.21,718434717,2394782.39,104120.9735,"https://mp.weixin.qq.com/s/OHUB4Q8XLY5WYpcnC1Dl7Q
https://mp.weixin.qq.com/s/ZFVf8Yy-pcr3AKGiAAjriQ",Metro,Chat GPT,,
CN,Shanghai,15A01,54,324,138,7452,1,,80,DC 1500V,Catenary,2017,2019,2021,,CRRC Zhuzhou,CNY,"2,652,000,000",0.239,1.21,766931880,2367073.704,102916.248,https://mp.weixin.qq.com/s/ZFVf8Yy-pcr3AKGiAAjriQ,Metro,Chat GPT,,
CN,Shanghai,08C04,,,,0,,,,,,,,,,,,,,,,,,,Metro,Chat GPT,,
CN,Shanghai,10A02,26,156,138,3588,1,,80,DC 1500V,Catenary,2017,2018,2020,/,CRRC Puzhen,CNY,,,,,,,https://mp.weixin.qq.com/s/XXh8PJeKR1t917aMY_GzcQ,Metro,Chat GPT,,
CN,Shanghai,04A03,,,,0,,,,,,,,,,,,,,,,,,,Metro,Chat GPT,,
CN,Shanghai,01A08,11,88,183,2013,1,,80,DC 1500V,Catenary,2023,2027,2027,0,CRRC Zhuzhou,CNY,"505,448,000",0.251,1,126867448,1441675.545,63024.06756,"https://weibo.com/7312394339/4912936122322034
https://weibo.com/7312394339/4929612313793489",Metro,Chat GPT,,"6 New Trains
5 Train Refurbishmen for service into 2044"
CN,Shanghai,13A03,30,180,138,4140,1,,80,DC 1500V,Catenary,2023,2025,,0,CRRC Puzhen,CNY,"1,418,302,400",0.251,1,355993902.4,1977743.902,85988.86531,"https://weibo.com/7312394339/4963323003276805
https://weibo.com/7312394339/4828491508092273
https://mp.weixin.qq.com/s/HjntxhoD_K7Dq4T3MGVssw",Metro,Chat GPT,,
CN,Shanghai,18A02,6,36,138,828,1,,80,DC 1500V,Catenary,2023,2025,2026,0,CRRC Zhuzhou,CNY,"290,818,800",0.251,1,72995518.8,2027653.3,88158.83913,"https://weibo.com/7312394339/4846637114985103
https://weibo.com/7312394339/4868721627106754",Metro,Chat GPT,,
CN,Shanghai,22A01,40,120,68,2720,1,,120,DC 1500V,Catenary,2024,2025,2026,20,CRRC Zhuzhou + Siemens,CNY,"2,297,782,500",0.251,1,576743407.5,4806195.063,212038.0175,https://weibo.com/7312394339/5074140977435274,Metro,Chat GPT,,
CN,Shanghai,JC8,3,24,200,600,1,,160,AC 25KV,Catenary,2022,2024,2024,0,CRRC Changchun,CNY,"348,000,000",0.251,1,87348000,3639500,145580,https://weibo.com/7312394339/5042948138075722,Metro,,,Unit cost per car is constant at 1450000 CNY per standard length car
CN,Shanghai,JC4,14,56,100,1400,1,,160,AC 25KV,Catenary,2022,2024,2024,0,CRRC Changchun,CNY,"812,000,000",0.251,1,203812000,3639500,145580,https://weibo.com/7312394339/5004250673579110,Metro,,,Unit cost per car is constant at 1450000 CNY per standard length car
CN,Shanghai,JM8,26,208,200.5,5213,1,,160,AC 25KV,Catenary,/,/,/,/,?,CNY,,,,0,0,,,Metro,,,
CN,Shanghai,17A02,10,60,138,1380,1,,100,DC 1500V,Third rail,2022,2023,2024,/,CRRC Changchun,CNY,"478,920,000",0.251,1,120208920,2003482,87107.91304,"https://weibo.com/7312394339/4730255279128601
https://weibo.com/7312394339/4746976136790889",Metro,Chat GPT,,
CN,Qingdao,Line 2,6,36,115,690,1,,80,DC 1500V,Third rail,2023,2024,2026,/,CRRC Sifang,CNY,"235,922,000",0.251,1,59216422,1644900.611,85820.90145,"https://mp.weixin.qq.com/s/Fi3SW74Y4hEpqSmI4fzaUQ
https://mp.weixin.qq.com/s/gD03ypoIdyLe9kU0d8SlgQ",Metro,,,
CN,Qingdao,Line 2,8,48,115,920,1,,80,DC 1500V,Third rail,2023,2024,2026,/,CRRC Sifang,CNY,"310,800,000",0.251,1,78010800,1625225,84794.34783,"https://mp.weixin.qq.com/s/Fi3SW74Y4hEpqSmI4fzaUQ
https://mp.weixin.qq.com/s/gD03ypoIdyLe9kU0d8SlgQ",Metro,,,
CN,Qingdao,"Line 6
Preferred Bid",21,126,115,2415,1,,80,DC 1500V,Third rail,2023,2024,2026,/,CRRC Sifang,CNY,"1,028,739,600",0.251,1,258213639.6,2049314.6,106920.7617,"https://mp.weixin.qq.com/s/Fi3SW74Y4hEpqSmI4fzaUQ
https://mp.weixin.qq.com/s/gD03ypoIdyLe9kU0d8SlgQ",Metro,Chat GPT,,
CN,Qingdao,"Line 6
Alternative Bid",35,105,59.4,2079,1,,80,DC 1500V,Third rail,2023,2024,2026,/,CRRC Sifang,CNY,"1,028,907,600",0.251,1,258255807.6,2459579.12,124221.1677,"https://mp.weixin.qq.com/s/Fi3SW74Y4hEpqSmI4fzaUQ
https://mp.weixin.qq.com/s/gD03ypoIdyLe9kU0d8SlgQ",Metro,Chat GPT,,
CN,Qingdao,Line 7,30,180,115,3450,1,,80,DC 1500V,Third rail,2023,2024,2026,/,CRRC Sifang,CNY,"1,395,684,000",0.251,1,350316684,1946203.8,101541.0678,"https://mp.weixin.qq.com/s/Fi3SW74Y4hEpqSmI4fzaUQ
https://mp.weixin.qq.com/s/gD03ypoIdyLe9kU0d8SlgQ",Metro,Chat GPT,,
CN,Qingdao,Line 8,18,108,115,2070,1,,80,DC 1500V,Third rail,2023,2024,2026,/,CRRC Sifang,CNY,"804,880,800",0.251,1,202025080.8,1870602.6,97596.65739,"https://mp.weixin.qq.com/s/Fi3SW74Y4hEpqSmI4fzaUQ
https://mp.weixin.qq.com/s/gD03ypoIdyLe9kU0d8SlgQ",Metro,,,
CN,Hangzhou,Line 10,21,84,91.2,1915.2,1,,120,DC 1500V,Catenary,2024,2025,2026,/,CRRC Puzhen,CNY,"784,000,000",0.251,1,196784000,2342666.667,102748.538,"http://www.deqing.gov.cn/hzgov/front/s652/jyxx/gcjs/xmlx/sz/zbxmjh/20240614/i3780582.html
https://mp.weixin.qq.com/s/bxc8Y1FkXLuXP8pTcjsbaA",Metro,,,
CN,Wenzhou,Line S3,11,44,80.1,881.1,1,,120,DC 1500V,Catenary,2023,2026,2027,/,CRRC Puzhen,CNY,"378,000,000",0.251,1,94878000,2156318.182,107681.3075,https://mp.weixin.qq.com/s/k0aY-4cKOFgN4A43hK1S_Q,Metro,Chat GPT,,
CN,Hefei,Line 6/7/8,80,480,115,9200,1,,100,DC 1500V,Catenary,2023,2026,2027,/,CRRC Puzhen,CNY,"4,042,839,300",0.251,1,1014752664,2114068.051,110299.2026,https://mp.weixin.qq.com/s/iS_ON3m9CMrP_lWHOepoqA,Metro,Chat GPT,,
CN,Wuhan ,Line 3,19,114,115,2185,1,,80,DC 750V,Third rail,2019,2020,2022,/,CRRC Changchun,CNY,"540,360,000",0.237,1.16,148555771.2,1303120.8,67988.9113,https://ggzyfw.wuhan.gov.cn/whggzy/jygkjt/748665.jhtml,Metro,Chat GPT,,
CN,Wuhan ,Line 5,35,210,138,4830,1,,80,DC 1500V,Third rail,2019,2019,2020,/,CRRC Changchun,CNY,"1,405,530,000",0.237,1.21,403063838.1,1919351.61,83450.07,https://ggzyfw.wuhan.gov.cn/whggzy/jygkjt/867984.jhtml,Metro,Chat GPT,,
CN,Wuhan ,Line 6 ,40,240,138,5520,1,,80,DC 1500V,Catenary,2015,2015,2016,/,CRRC Zhuzhou,CNY,"1,680,000,000",0.251,1.31,552400800,2301670,100072.6087,https://web.archive.org/web/20170114183317/http://www.hb.xinhuanet.com/2016-03/30/c_1118490535.htm,Metro,Chat GPT,,
CN,Wuhan ,Line 6 ,11,66,138,1518,1,,80,DC 1500V,Catenary,2019,2020,2021,/,CRRC Zhuzhou,CNY,"398,640,000",0.237,1.16,109594108.8,1660516.8,72196.38261,"https://web.archive.org/web/20190813001417/http://www.chinabidding.com/bidDetail/238616087.html
https://ggzyfw.wuhan.gov.cn/whggzy/jygkjt/863948.jhtml",Metro,Chat GPT,,
CN,Wuhan ,Line 7,40,240,138,5520,1,,100,DC 1500V,Third rail,2015,2016,2018,/,CRRC Changchun,CNY,"1,585,200,000",0.251,1.28,509293056,2122054.4,92263.23478,http://www.hbzbw.com/news1/2015-11-20/483070.html,Metro,Chat GPT,,
CN,Wuhan ,Line 7,30,180,138,4140,1,,100,DC 1500V,Third rail,2021,2022,2024,/,CRRC Changchun,CNY,"1,136,160,000",0.239,1.03,279688507.2,1553825.04,67557.61043,"https://mp.weixin.qq.com/s/iEpFd-aCWErKECsEXs2h9g
https://mp.weixin.qq.com/s/exVKSeQCOWRXrxZbaA6j9Q",Metro,Chat GPT,,
CN,Wuhan ,Line 11,22,132,138,3036,1,,100,DC 1500V,Third rail,2019,2021,2023,/,CRRC Changchun,CNY,"817,212,000",0.237,1.07,207236791.1,1569975.69,68259.81261,https://mp.weixin.qq.com/s/GM6Kml1PW6PjBssz94tEMw,Metro,Chat GPT,,
CN,Wuhan,Line 12,79,474,138,10902,1,,80,DC 1500V,Third rail,2023,2025,2027,/,CRRC Changchun,CNY,"3,051,138,000",0.251,1,765835638,1615687,70247.26087,https://ggzyfw.wuhan.gov.cn/whggzy/jygkjt/965284.jhtml,Metro,,,
CN,Wuhan ,Line 19,15,90,138,2070,1,,120,DC 1500V,Catenary,2021,2022,2023,/,CRRC Zhuzhou,CNY,"609,381,000",0.239,1.07,155837003.1,1731522.257,75283.57639,https://ggzyfw.wuhan.gov.cn/whggzy/jygkjt/919759.jhtml,Metro,Chat GPT,,
CN,Wuhan ,Line 34,18,108,138,2484,1,,120,DC 1500V,Catenary,2024,2025,2028,/,CRRC Changchun,CNY,"706,320,000",0.251,1,177286320,1641540,71371.30435,"https://mp.weixin.qq.com/s/ttc3hxmg5dkHyYcZBb1Qdg
https://mp.weixin.qq.com/s/zxGa5P8yU2_0TDlrHn-_BA ",Metro,Chat GPT,,
CN,Zhengzhou,Line 1,25,150,115,2875,1,,80,DC 1500V,Catenary,2010,2012,2013,/,CRRC Zhuzhou,CNY,"912,000,000",0.3,1.35,369360000,2462400,128473.0435,"https://www.zzmetro.cn/portal/info/index/id/924.html
https://www.zzmetro.cn/portal/info/index/id/2046.html",Metro,,,
CN,Zhengzhou,Line 2,18,108,115,2070,1,,80,DC 1500V,Catenary,2014,2015,2017,/,CRRC Zhuzhou,CNY,"508,680,000",0.266,1.31,177254632.8,1641246.6,85630.25739,https://www.zzmetro.cn/portal/info/index/id/2177.html,Metro,,,
CN,Zhengzhou,Line 7 ,30,180,138,4140,1,,100,DC 1500V,Catenary,2021,2023,2024,/,CRRC Sifang,CNY,"1,214,100,000",0.239,1,290169900,1612055,70089.34783,"https://mp.weixin.qq.com/s/eh2Yl1uXE64xWw5rG5i20g
https://mp.weixin.qq.com/s/xPLS-KammxPELNkcEsCJow",Metro,Chat GPT,,
CN,Zhengzhou,Line 12,15,90,115,1725,1,,100,DC 1500V,Catenary,2021,2023,2024,/,CRRC Sifang,CNY,"597,150,000",0.239,1,142718850,1585765,82735.56522,"https://mp.weixin.qq.com/s/W1ZpQuQVfKEnbxuXCUaP4Q
https://mp.weixin.qq.com/s/eh2Yl1uXE64xWw5rG5i20g",Metro,,,
CN,Zhengzhou,Line 8,35,170,115,4025,1,,100,DC 1500V,Catenary,2021,2023,2024,/,CRRC Sifang,CNY,"1,253,837,000",,,,,,"https://mp.weixin.qq.com/s/eh2Yl1uXE64xWw5rG5i20g
https://mp.weixin.qq.com/s/EBw9zM9og34wQ5BHnBg2Vg",Metro,,,
CN,Guangzhou,A1,21,126,138,2898,1,,80,DC 1500V,Catenary,1994,1996,1997,0,Adtranz-Siemens,USD,"220,000,000",1,2.12,466400000,3701587.302,160938.5783,"https://archive.org/details/yulonggongwuguan0000yuba
Page 64",Metro,Chat GPT,,
CN,Guangzhou,A3,8,48,138,1104,1,,80,DC 1500V,Catenary,2004,2006,2006,0,Bombardier/CRRC Changchun ,USD,"75,000,000",1,1.56,117000000,2437500,105978.2609,"https://www.progressiverailroading.com/rail_industry_trends/news/Chinas-Guangzhou-Metro-orders-more-metro-cars-from-Bombardier-led-joint-venture--12224
https://news.ifeng.com/fawd/zhuanti/qiyeyaowen/200705/0517_1164_119849.shtml",Metro,,,
CN,Guangzhou,A8,18,108,138,2484,1,,80,DC 1500V,Catenary,2020,2021,2022,/,CRRC Changchun,CNY,"648,000,000",0.237,1.07,164326320,1521540,66153.91304,"https://mp.weixin.qq.com/s/Gt15gT4SfskihSrQVkMIng
https://mp.weixin.qq.com/s/eOZ0TfZSdFjmqBqcs_MrGg",Metro,Chat GPT,,
CN,Guangzhou,A9,55,440,183,10065,1,,80,DC 1500V,Catenary,2019,2021,2023,0,CRRC Zhuzhou,CNY,,,,,,,"https://web.archive.org/web/20220114150124/https://www.gzmtr.com/bid/bizzbgg/bid_xxjsysbzx/201905/t20190529_63074.html
https://mp.weixin.qq.com/s/kFlLEE26OKdlz4VWIv8OnQ",Metro,Chat GPT,,
CN,Guangzhou,A10,47,282,138,6486,1,,80,DC 1500V,Catenary,2019,2021,2023,17,CRRC Zhuzhou,CNY,,,,,,,"https://web.archive.org/web/20220114150124/https://www.gzmtr.com/bid/bizzbgg/bid_xxjsysbzx/201905/t20190529_63074.html
https://mp.weixin.qq.com/s/kFlLEE26OKdlz4VWIv8OnQ",Metro,Chat GPT,,
CN,Guangzhou,A11,42,336,185.6,7795.2,1,,100,DC 1500V,Catenary,2019,2021,2023,17,CRRC Zhuzhou,CNY,,,,,,,"https://web.archive.org/web/20220114150124/https://www.gzmtr.com/bid/bizzbgg/bid_xxjsysbzx/201905/t20190529_63074.html
https://mp.weixin.qq.com/s/kFlLEE26OKdlz4VWIv8OnQ",Metro,Chat GPT,,
CN,Guangzhou,B10,10,60,115,1150,1,,120,DC 1500V,Catenary,2019,2022,2023,/,CRRC Zhuzhou,CNY,,,,,,,"https://web.archive.org/web/20220114150124/https://www.gzmtr.com/bid/bizzbgg/bid_xxjsysbzx/201905/t20190529_63074.html
https://mp.weixin.qq.com/s/kFlLEE26OKdlz4VWIv8OnQ",Metro,Chat GPT,,
CN,Guangzhou, B11,13,78,115,1495,1,,120,DC 1500V,Catenary,2020,2021,2022,/,CRRC Changchun,CNY,"624,000,000",0.237,1.07,158240160,2028720,105846.2609,"https://mp.weixin.qq.com/s/Gt15gT4SfskihSrQVkMIng
https://mp.weixin.qq.com/s/eOZ0TfZSdFjmqBqcs_MrGg",Metro,Chat GPT,,
CN,Guangzhou,B12,19,114,115,2185,1,,80,DC 1500V,Catenary,2019,2023,2024,/,CRRC Zhuzhou,CNY,,,,,,,"https://web.archive.org/web/20220114150124/https://www.gzmtr.com/bid/bizzbgg/bid_xxjsysbzx/201905/t20190529_63074.html
https://mp.weixin.qq.com/s/kFlLEE26OKdlz4VWIv8OnQ",Metro,Chat GPT,,
CN,Guangzhou,B13,43,258,115,4945,1,,80,DC 1500V,Catenary,2019,2024,2025,17,CRRC Zhuzhou,CNY,,,,,,,"https://web.archive.org/web/20220114150124/https://www.gzmtr.com/bid/bizzbgg/bid_xxjsysbzx/201905/t20190529_63074.html
https://mp.weixin.qq.com/s/kFlLEE26OKdlz4VWIv8OnQ",Metro,Chat GPT,,
CN,Guangzhou,D1/D2,40,320,186.8,7472,1,,160,AC 25KV,Catenary,2019,2020,2022,17,CRRC Zhuzhou,CNY,"7,900,000,000",0.237,1.07,2003361000,6260503.125,268115.7655,"https://mp.weixin.qq.com/s/FROAP7cFU7H3qs3okMouNw
https://mp.weixin.qq.com/s/_ZpQyQxFK85tzw6rgE_1kA",Metro,Chat GPT,,
CN,Wuxi,Line 5 ,41,164,78,3198,1,,80,DC 1500V,Catenary,2024,2024,2027,/,CRRC Puzhen,,,,,,,,"http://chinabidding.mofcom.gov.cn/bidDetail/bidding/bulletin/202405/ff8080818e3221e7018fbe2f4f121dd0.htm
https://mp.weixin.qq.com/s/FBA0OrRi9Mxfy4sUzAduVg",Metro,Chat GPT,,
CN,CR Zhengzhou,CRH-6 Series,5,20,100,500,1,,200,AC 25KV,Catenary,2024,2026,2027,/,CRRC Sifang,CNY,"329,750,000",0.251,1,82767250,4138362.5,165534.5,https://web.archive.org/web/20250101034457/https://hnsggzyjy.henan.gov.cn/jyxx/002001/002001003/20241231/2a2b94bb-cac5-481b-942a-83a809a531e7.html,Commuter/Regional Rail,https://en.wikipedia.org/wiki/China_Railway_CRH6,,
CN,CR Chengdu,CR200JS-G,4,36,309,1236,1,,200,AC 25KV,Catenary,2023,2024,2025,/,CRRC Zhuzhou + CRRC Puzhen,CNY,"311,620,400",0.251,1,78216720.4,2172686.678,63282.13625,https://mp.weixin.qq.com/s/bE4uCzB_EMdLuNn902Y0YQ,Commuter/Regional Rail,https://en.namu.wiki/w/CR200,,
CN,CR,CR200J1-C,21,378,460,9660,1,,200,AC 25KV,Catenary,2023,2024,2025,/,CRRC Zhuzhou + CRRC Puzhen,CNY,"2,798,964,000",0.251,1,702539964,1858571.333,72726.70435,https://mp.weixin.qq.com/s/bE4uCzB_EMdLuNn902Y0YQ,Commuter/Regional Rail,https://en.namu.wiki/w/CR200,,
CN,CR,CR200J3-C,20,360,460,9200,1,,200,AC 25KV,Catenary,2023,2024,2025,/,CRRC Dalian + CRRC Tangshan,CNY,"2,665,720,000",0.251,1,669095720,1858599.222,72727.79565,https://mp.weixin.qq.com/s/bE4uCzB_EMdLuNn902Y0YQ,Commuter/Regional Rail,https://en.namu.wiki/w/CR200,,
CN,CR,CR200J1-N,4,72,460,1840,1,,200,AC 25KV,Catenary,2023,2024,2025,/,CRRC Zhuzhou + CRRC Puzhen,CNY,"533,144,000",0.251,1,133819144,1858599.222,72727.79565,https://mp.weixin.qq.com/s/bE4uCzB_EMdLuNn902Y0YQ,Commuter/Regional Rail,https://en.namu.wiki/w/CR200,,
CN,CR,CR200J1-N,4,72,460,1840,1,,200,AC 25KV,Catenary,2023,2024,2025,/,CRRC Zhuzhou + CRRC Puzhen,CNY,"533,136,000",0.251,1,133817136,1858571.333,72726.70435,https://mp.weixin.qq.com/s/bE4uCzB_EMdLuNn902Y0YQ,Commuter/Regional Rail,https://en.namu.wiki/w/CR200,,
CN,CR,CR200J1-N,24,432,234,5616,1,,200,AC 25KV,Catenary,2023,2024,2025,/,CRRC Zhuzhou + CRRC Puzhen,CNY,"1,715,901,600",0.251,1,430691301.6,996970.6056,76690.04658,https://mp.weixin.qq.com/s/bE4uCzB_EMdLuNn902Y0YQ,Commuter/Regional Rail,https://en.namu.wiki/w/CR200,,
CN,CR,CR200J3-N,17,136,234,3978,1,,200,AC 25KV,Catenary,2023,2024,2025,/,CRRC Dalian + CRRC Tangshan,CNY,"1,215,440,500",0.251,1,305075565.5,2243202.688,76690.69017,https://mp.weixin.qq.com/s/bE4uCzB_EMdLuNn902Y0YQ,Commuter/Regional Rail,https://en.namu.wiki/w/CR200,,
CN,CR,CR200J3-N,5,40,234,1170,1,,200,AC 25KV,Catenary,2023,2024,2025,/,CRRC Dalian + CRRC Tangshan,CNY,"357,482,500",0.251,1,89728107.5,2243202.688,76690.69017,https://mp.weixin.qq.com/s/bE4uCzB_EMdLuNn902Y0YQ,Commuter/Regional Rail,https://en.namu.wiki/w/CR200,,
CN,CR Wuhan,CRH-6 Series,4,16,100,400,1,,200,AC 25KV,Catenary,2023,2024,2025,/,CRRC Sifang,CNY,"267,960,000",0.251,1,67257960,4203622.5,168144.9,https://mp.weixin.qq.com/s/bE4uCzB_EMdLuNn902Y0YQ,Commuter/Regional Rail,https://en.wikipedia.org/wiki/China_Railway_CRH6,,
TR,Istanbul,"M1 Aksaray-HavaalanÄ±, KirazlÄ±",105,"2,3,4-car",23,2415,1,,80km/h,750 VDC,Catenary,,,1988,,ABB LRV,USD,2.200.000/each,,,,,,LinkedIn network,,Chat GPT,Metro,
TR,Istanbul,M2 YenikapÄ± - HacÄ±osman,32,"4,8-car",21.5,688,1,,80,750 VDC,3rd Rail,,,1999,,Alstom Metro,USD,1.400.000/each,,,,,,LinkedIn network,,Chat GPT,Metro,
TR,Istanbul,T1 BaÄcÄ±lar-KabataÅ,55,"1,2,3-car",29.6,1628,1,,70,750 VDC,Catenary,,,2002,,Bombardier Tram,EUR,1.550.000/each,,,,,,LinkedIn network,,https://www.metro.istanbul/Hatlarimiz/HatDetay?hat=T1,Light Rail,
TR,Istanbul,T4 TopkapÄ±-Habipler,34,"2,3,4-car",26.9,914.6,1,,80,750 VDC,Catenary,,,2008,,Hyundai Rotem LRV,USD,2.000.000/ea,,,,,,LinkedIn network,,https://www.metro.istanbul/Hatlarimiz/HatDetay?hat=T4,Light Rail,
TR,Istanbul,T1 BaÄcÄ±lar-KabataÅ,37,"1,2-car",28.5,1054.5,1,,70,750 VDC,Catenary,,,2009,,Alstom Tram,EUR,1.900.000/ea,,,,,,LinkedIn network,,https://www.metro.istanbul/Hatlarimiz/HatDetay?hat=T1,Light Rail,
TR,Istanbul,M2 YenikapÄ± - HacÄ±osman,92,"4,8-car",21.5,1978,1,,80,750 VDC,3rd Rail,,,2008,,Hyundai Rotem Metro,USD,1.350.000/ea,,,,,,LinkedIn network,,Chat GPT,Metro,
TR,Istanbul,M3 KirazlÄ±-Olimpiyat KÃ¶yÃ¼,80,"4,8-car",21.5,1720,1,,80,1500 VDC,Catenary,,,2009,,Alstom Metro,EUR,"1,170.500/ea",,,,,,LinkedIn network,,Chat GPT,Metro,
TR,Istanbul,M4 KadÄ±kÃ¶y - Kartal,144,"4,8-car",22.4,3225.6,1,,80,1500 VDC,Catenary,,,2011,,CAF Metro,EUR,1.150.000/ea,,,,,,LinkedIn network,,Chat GPT,Metro,
TR,Istanbul,M5 ÃskÃ¼dar - ÃekmekÃ¶y,126,6-car,21.5,2709,1,,80,1500 VDC,Catenary,,,2017,,CAF Metro,EUR,950.000/ea,,,,,,LinkedIn network,,Chat GPT,Metro,
TR,Istanbul,T4 TopkapÄ±-Habipler,18,"2,3,4-car",25.4,457.2,1,,80,750VDC,Catenary,,,2014,,RTE LRV,EUR,1.610.000/ea,,,,,,LinkedIn network,,https://www.metro.istanbul/Hatlarimiz/HatDetay?hat=T4,Light Rail,
TR,Istanbul,M2 YenikapÄ± - HacÄ±osman,68,"4,8-car",21.5,1462,1,,80,750 VDC,3rd Rail,,,2017,,Hyundai Rotem Metro,EUR,1.140.000/ea,,,,,,LinkedIn network,,Chat GPT,Metro,
TR,Istanbul,M7 KabataÅ - Mahmutbey - Esenyurt,80,"4,8-car",22.5,1800,1,,80,1500VDC,Catenary,,,2019,,Hyundai Rotem Metro,TRY,4.700.000/ea,,,,,,LinkedIn network,,Chat GPT,Metro,
TR,Istanbul,M8 Dudullu - BostancÄ±,40,4-car,21.5,860,1,,80,1500VDC,Catenary,,,2020,,Hyundai Rotem Metro,TRY,4.700.000/ea,,,,,,LinkedIn network,,Chat GPT,Metro,
TR,Istanbul,T5 EminÃ¶nÃ¼-AlibeykÃ¶y,30,2-car,32.5,975,1,,70,750VDC,Catenary,,,2020,,Durmazlar LRV (Turkish manufacturer),n/a,n/a,,,,,,LinkedIn network,,https://www.metro.istanbul/Hatlarimiz/HatDetay?hat=T5,Light Rail,
TR,Kayseri,T1 & T2 lines,38,2-car,32.25,1225.5,1,,80,750VDC,Catenary,,,2009,,Ansaldo Breda,EUR,2.300.000/ea,,,,,,YERLÄ° TRAMVAYLA 127 MÄ°LYON TL TASARRUF,,https://www.tripadvisor.co.uk/ShowTopic-g297984-i5896-k14819858-Tram_Travel-Kayseri_Kayseri_Province.html,Light Rail,
TR,Kayseri,T1 & T2 lines,31,2-car,32.7,1013.7,1,,80,750VDC,Catenary,,,2015,,Bozankaya (Turkish manufacturer),EUR,1.400.000/ea,,,,,,YERLÄ° TRAMVAYLA 127 MÄ°LYON TL TASARRUF,,https://www.tripadvisor.co.uk/ShowTopic-g297984-i5896-k14819858-Tram_Travel-Kayseri_Kayseri_Province.html,Light Rail,
BR,Sao Paulo,Line 2 (Green Line),44,264,,,,,,,,,,,,,,,,,,,,"https://mp.weixin.qq.com/s/ETTBnxyIcfTp-TlzA-8P_g
https://www.bnamericas.com/en/features/crrc-wins-sao-paulo-subway-rolling-stock-auction",Metro,Chat GPT,Metro,
